aX,aY,aZ,gX,gY,gZ
-0.388,0.297,2.508,24.353,59.631,60.974
-0.282,0.496,2.99,55.786,71.289,65.918
-0.108,0.557,3.442,97.9,67.505,68.115
0.096,0.541,3.87,143.86,34.363,68.604
0.257,0.552,4,199.524,-23.193,60.852
0.251,0.693,4,264.832,-89.111,44.128
0.166,0.786,3.781,340.088,-155.945,20.63
0.074,0.925,3.398,405.151,-207.52,8.728
0.026,1.074,2.91,464.111,-235.046,8.24
0.047,1.113,2.339,516.907,-237.854,11.414
0.137,1.155,1.751,556.03,-223.511,19.836
0.24,1.182,1.217,579.224,-196.899,27.71
0.293,1.164,0.803,588.806,-158.752,31.677
0.313,1.154,0.505,587.708,-113.77,36.56
0.33,1.107,0.31,586.121,-64.819,42.114
0.359,1.078,0.156,588.989,-16.968,42.48
0.42,1.067,0.014,596.985,14.648,34.058
0.42,1.058,-0.118,606.14,19.836,15.869
0.338,1.113,-0.274,607.239,4.883,-3.418
0.252,1.12,-0.44,599.304,-22.644,-16.907
0.152,1.237,-0.632,591.37,-57.678,-26.306
0,1.359,-0.929,590.332,-85.449,-35.645
-0.187,1.524,-1.324,589.905,-94.971,-38.696
-0.404,1.751,-1.79,586.06,-82.764,-32.532
-0.536,2.026,-2.479,582.214,-55.908,-21.851
-0.542,2.017,-3.282,560.669,-42.175,-11.475
-0.501,1.867,-3.961,491.394,-49.683,-1.526
-0.45,1.734,-4,375.305,-64.941,10.681
-0.337,1.552,-4,241.394,-75.195,26.794
-0.163,1.343,-3.935,117.31,-69.824,46.753
0.044,1.032,-3.393,16.541,-48.523,65.186
0.25,0.668,-2.744,-60.608,-18.982,82.397
0.457,0.289,-2.081,-116.333,12.878,97.778
0.668,-0.082,-1.459,-151.123,47.18,110.291
0.793,-0.382,-0.934,-168.701,79.346,114.38
0.758,-0.618,-0.551,-170.532,100.891,104.431
0.625,-0.774,-0.356,-162.537,109.802,85.51
0.44,-0.836,-0.336,-151.306,106.812,65.918
0.229,-0.864,-0.428,-141.418,93.811,47.241
-0.003,-0.819,-0.534,-136.536,74.463,29.846
-0.211,-0.696,-0.695,-132.751,51.514,16.296
-0.383,-0.65,-0.903,-127.808,32.41,7.507
-0.498,-0.578,-1.075,-130.615,18.677,5.676
-0.55,-0.529,-1.175,-142.395,10.986,11.169
-0.554,-0.494,-1.21,-157.532,10.315,19.592
-0.516,-0.457,-1.177,-172.607,15.381,29.785
-0.443,-0.444,-1.127,-184.143,22.888,39.368
-0.348,-0.444,-1.087,-192.81,29.785,45.166
-0.255,-0.442,-1.037,-202.026,31.128,45.837
-0.182,-0.436,-0.992,-212.708,28.564,41.26
-0.141,-0.449,-0.978,-224.304,24.353,33.936
-0.122,-0.458,-0.979,-241.394,18.433,28.137
-0.135,-0.458,-0.973,-268.066,11.475,25.208
-0.157,-0.449,-0.912,-301.819,6.287,26.306
-0.163,-0.413,-0.795,-337.769,8.789,30.823
-0.163,-0.331,-0.604,-368.042,21.606,38.269
-0.111,-0.293,-0.291,-382.69,37.964,49.5
-0.015,-0.317,-0.035,-374.39,54.443,59.998
0.094,-0.377,0.135,-349.792,64.026,60.608
0.197,-0.445,0.2,-323.181,59.265,49.805
0.232,-0.489,0.236,-305.176,39.368,31.982
0.196,-0.487,0.254,-298.279,17.7,12.634
0.121,-0.479,0.251,-300.293,3.235,-0.488
0.056,-0.468,0.239,-311.584,-2.563,-2.625
-0.009,-0.425,0.251,-332.397,-0.427,2.319
-0.038,-0.37,0.308,-358.276,12.146,10.071
-0.035,-0.287,0.432,-381.348,37.048,18.616
-0.009,-0.202,0.677,-391.235,66.101,26.794
0.04,-0.166,0.914,-377.686,86.548,35.034
0.114,-0.189,0.992,-344.177,93.994,39.185
0.153,-0.251,1.02,-309.875,78.308,34.973
0.15,-0.274,1.087,-285.217,42.358,24.719
0.101,-0.245,1.105,-263.245,4.456,12.39
0.015,-0.22,1.068,-239.685,-20.142,2.014
-0.047,-0.185,0.991,-221.802,-31.677,-1.404
-0.108,-0.13,0.946,-217.773,-31.799,2.319
-0.156,-0.07,0.949,-226.135,-19.836,8.301
-0.159,-0.036,1.044,-239.99,4.578,14.465
-0.135,-0.022,1.234,-246.521,34.363,21.667
-0.078,-0.034,1.411,-234.07,62.134,26.794
-0.005,-0.075,1.493,-203.247,79.773,26.306
0.047,-0.124,1.476,-164.673,77.393,19.653
0.071,-0.129,1.412,-131.775,52.856,10.742
0.091,-0.121,1.361,-109.924,17.212,2.991
0.08,-0.124,1.289,-92.59,-16.174,-2.014
0.028,-0.091,1.198,-79.834,-40.161,-4.822
-0.001,-0.062,1.142,-77.942,-49.255,-4.822
-0.026,-0.058,1.145,-84.412,-41.748,-2.075
-0.028,-0.107,1.208,-91.125,-23.376,1.831
-0.045,-0.216,1.324,-95.398,1.587,2.808
-0.03,-0.359,1.549,-106.079,40.405,-0.549
0.075,-0.235,1.715,-121.216,97.9,-2.991
0.075,-0.178,1.749,-99.182,116.638,-6.042
-0.01,-0.291,1.719,-61.096,87.891,-16.418
-0.051,-0.26,1.642,-38.696,43.579,-23.987
-0.083,-0.196,1.504,-21.179,-9.277,-24.109
-0.13,-0.21,1.309,-1.465,-61.951,-22.217
-0.171,-0.226,1.117,9.399,-102.966,-17.09
-0.191,-0.235,0.989,6.592,-125.732,-8.789
-0.189,-0.238,0.924,-4.578,-122.192,0.122
-0.175,-0.223,0.895,-16.174,-92.407,6.897
-0.148,-0.216,0.885,-21.912,-49.805,8.301
-0.105,-0.215,0.892,-22.156,-10.498,7.69
-0.066,-0.214,0.906,-19.958,17.151,6.836
-0.042,-0.218,0.921,-15.259,28.564,3.906
-0.029,-0.236,0.946,-9.949,28.076,-1.343
-0.028,-0.239,0.963,-6.47,21.301,-4.517
-0.041,-0.232,0.974,-5.493,11.475,-4.578
-0.074,-0.222,0.97,-5.859,1.221,-4.089
-0.1,-0.226,0.97,-8.301,-5.737,-3.235
-0.117,-0.236,0.978,-12.024,-7.69,-0.793
-0.126,-0.235,0.987,-15.869,-4.578,1.587
-0.127,-0.224,0.996,-18.005,1.587,3.418
-0.119,-0.208,1.001,-17.395,7.996,4.456
-0.104,-0.201,1.009,-14.648,12.451,4.578
-0.085,-0.206,1.014,-10.742,15.869,3.967
-0.06,-0.211,1.016,-7.263,16.479,2.808
-0.039,-0.218,1.014,-5.127,13.611,2.38
-0.028,-0.223,1.004,-3.662,6.592,2.014
0.31,0.336,2.334,223.633,81.848,-46.753
0.42,0.413,2.511,263.977,102.478,-60.974
0.55,0.476,2.54,324.28,124.023,-79.285
0.675,0.548,2.4,397.034,130.798,-102.417
0.749,0.581,2.146,471.863,108.276,-132.141
0.776,0.571,1.859,537.598,54.565,-164.307
0.789,0.619,1.537,586.06,-12.39,-193.42
0.762,0.665,1.188,620.911,-80.627,-222.534
0.703,0.734,0.889,641.052,-144.409,-249.756
0.596,0.842,0.576,650.818,-195.984,-271.729
0.473,0.925,0.322,654.358,-237.61,-286.011
0.383,1.036,0.093,650.146,-268.616,-288.696
0.274,1.092,-0.137,639.648,-288.33,-282.898
0.184,1.171,-0.371,632.08,-298.828,-269.775
0.091,1.34,-0.712,628.601,-291.992,-255.676
-0.029,1.411,-1.184,616.882,-272.4,-241.028
-0.12,1.303,-1.673,581.97,-249.39,-215.515
-0.192,1.194,-2.07,526.855,-222.778,-187.134
-0.288,1.102,-2.343,458.069,-181.152,-160.156
-0.381,0.968,-2.456,385.071,-131.958,-130.005
-0.366,1.021,-2.368,314.819,-90.698,-93.018
-0.295,1.013,-2.274,253.052,-53.955,-54.199
-0.242,0.912,-2.26,214.355,-22.827,-25.635
-0.175,0.892,-2.323,180.969,-5.92,-7.019
-0.175,0.798,-2.462,145.874,-2.625,-0.122
-0.211,0.649,-2.558,101.99,-7.385,-0.305
-0.251,0.536,-2.554,45.654,-11.597,1.099
-0.288,0.44,-2.469,-13.245,-12.512,6.836
-0.318,0.356,-2.328,-68.176,-10.559,19.226
-0.352,0.271,-2.157,-115.54,-2.258,36.255
-0.371,0.195,-1.942,-153.625,13.245,55.359
-0.362,0.139,-1.72,-183.289,31.738,75.256
-0.321,0.095,-1.504,-206.482,47.974,93.994
-0.269,0.033,-1.338,-219.299,61.279,106.567
-0.171,-0.055,-1.214,-226.501,74.158,106.201
-0.13,-0.1,-1.097,-234.558,78.796,105.286
-0.11,-0.144,-1.001,-243.958,77.698,104.065
-0.114,-0.187,-0.935,-253.174,76.294,97.839
-0.123,-0.23,-0.91,-263.245,76.294,90.271
-0.148,-0.255,-0.911,-275.818,74.28,84.106
-0.165,-0.282,-0.912,-291.992,67.627,79.712
-0.246,-0.23,-0.848,-311.035,61.279,76.782
-0.271,-0.168,-0.75,-339.111,65.979,80.872
-0.257,-0.124,-0.611,-362.244,82.092,93.14
-0.195,-0.05,-0.477,-377.686,98.877,108.887
-0.108,-0.026,-0.37,-386.475,115.601,123.352
-0.012,-0.017,-0.296,-393.005,128.845,134.46
0.071,0,-0.244,-403.442,136.658,140.991
0.161,0.002,-0.129,-419.8,136.292,143.188
0.263,0.034,0.157,-438.782,128.113,141.541
0.318,0.082,0.505,-444.885,111.328,136.658
0.312,0.041,0.741,-424.316,87.646,124.268
0.315,-0.041,0.768,-391.418,65.063,107.544
0.317,-0.11,0.72,-368.347,45.654,90.027
0.279,-0.123,0.655,-361.877,34.485,73.303
0.198,-0.091,0.63,-370.239,31.128,61.401
0.127,-0.037,0.675,-389.648,36.438,59.998
0.082,0.038,0.76,-412.048,56.152,65.002
0.054,0.123,0.927,-428.65,84.351,70.984
0.092,0.227,1.369,-434.692,107.239,80.322
0.172,0.252,1.818,-404.968,123.718,90.149
0.257,0.073,2.021,-331.36,130.981,86.914
0.372,-0.12,1.977,-253.906,115.295,72.876
0.419,-0.204,1.821,-201.416,70.801,52.429
0.331,-0.213,1.672,-178.955,2.38,31.006
0.259,-0.269,1.647,-186.523,-74.524,23.865
0.181,-0.28,1.711,-206.177,-128.967,24.231
0.055,-0.224,1.777,-215.637,-143.066,16.846
-0.073,-0.164,1.814,-210.449,-121.948,10.132
-0.121,-0.148,1.816,-195.801,-78.125,11.536
-0.1,-0.165,1.845,-177.612,-28.32,18.127
-0.042,-0.179,1.918,-154.297,10.925,23.376
0.022,-0.205,1.918,-119.141,31.738,22.766
0.068,-0.253,1.84,-80.566,28.137,14.099
0.067,-0.271,1.729,-50.293,0.977,1.343
0.001,-0.267,1.61,-30.09,-38.818,-11.047
-0.085,-0.258,1.507,-20.081,-76.904,-16.602
-0.154,-0.245,1.428,-15.869,-101.44,-16.418
-0.204,-0.232,1.348,-12.024,-106.14,-14.465
-0.23,-0.221,1.258,-6.348,-92.59,-10.742
-0.232,-0.207,1.171,-0.549,-69.519,-6.165
-0.209,-0.207,1.095,4.7,-45.837,-3.662
-0.177,-0.213,1.032,8.972,-27.405,-2.625
-0.152,-0.217,0.979,12.512,-16.968,-1.892
-0.133,-0.233,0.928,16.174,-13.916,-2.93
-0.119,-0.247,0.885,18.677,-14.832,-4.883
-0.12,-0.257,0.848,18.372,-17.151,-6.714
-0.131,-0.264,0.816,16.418,-20.264,-6.958
-0.149,-0.264,0.807,11.475,-23.01,-6.104
-0.168,-0.267,0.817,6.409,-23.804,-4.639
-0.188,-0.266,0.837,2.441,-20.081,-3.113
-0.195,-0.264,0.851,0.366,-12.634,-1.343
-0.194,-0.268,0.868,-0.061,-4.028,0.427
-0.179,-0.275,0.894,0.183,3.174,2.014
-0.159,-0.279,0.914,1.526,7.812,2.563
-0.147,-0.29,0.925,3.601,8.24,1.831
-0.138,-0.286,0.928,4.517,6.47,0.916
-0.132,-0.291,0.924,4.578,3.662,0.305
-0.134,-0.299,0.918,4.578,-0.122,-0.305
-0.144,-0.293,0.906,4.15,-4.089,-1.16
-0.158,-0.291,0.896,3.845,-6.775,-2.014
-0.167,-0.285,0.892,3.113,-7.324,-2.625
-0.177,-0.281,0.895,2.563,-5.676,-2.502
-0.177,-0.277,0.9,1.953,-2.136,-2.258
-0.175,-0.276,0.905,1.831,1.587,-1.892
-0.173,-0.27,0.906,1.648,4.089,-1.465
-0.169,-0.266,0.909,1.099,5.249,-0.916
-0.162,-0.267,0.915,0.732,4.944,-0.427
-0.158,-0.267,0.919,0.122,4.272,-0.122
-0.161,-0.265,0.924,0.244,3.54,-0.305
-0.163,-0.27,0.922,1.221,3.235,-1.038
-0.164,-0.274,0.912,2.686,2.38,-1.465
-0.169,-0.279,0.898,3.418,1.526,-1.831
-0.178,-0.278,0.892,3.418,-0.854,-1.953
-0.186,-0.277,0.891,2.808,-2.197,-1.77
-0.192,-0.278,0.888,2.747,-1.709,-0.977
-0.196,-0.278,0.883,2.197,-0.183,0.244
-0.193,-0.276,0.881,1.587,1.038,0.61
-0.19,-0.276,0.888,0.793,2.441,0.916
-0.362,0.404,-2.576,435.059,-123.108,-75.439
-0.379,0.425,-3.003,397.644,-94.116,-71.289
-0.306,0.263,-3.247,333.557,-101.685,-61.035
-0.262,0.112,-3.295,255.981,-121.094,-52.673
-0.253,0.054,-3.193,173.523,-122.681,-46.326
-0.237,-0.035,-2.985,100.586,-105.408,-34.058
-0.181,-0.198,-2.721,39.673,-71.106,-11.658
-0.083,-0.347,-2.408,-12.146,-25.696,14.587
0.038,-0.466,-2.032,-58.716,20.386,39.246
0.174,-0.559,-1.672,-95.398,57.739,57.617
0.258,-0.655,-1.342,-120.056,82.703,66.833
0.291,-0.735,-1.049,-133.24,96.069,64.27
0.297,-0.798,-0.8,-138.184,104.126,50.476
0.267,-0.817,-0.635,-136.658,105.103,36.865
0.225,-0.811,-0.611,-128.967,98.083,27.527
0.163,-0.817,-0.698,-120.605,79.651,15.991
0.076,-0.813,-0.802,-119.873,51.758,0.671
-0.046,-0.762,-0.874,-128.967,22.522,-13.977
-0.177,-0.688,-0.895,-143.677,-0.732,-24.841
-0.304,-0.618,-0.884,-157.471,-11.78,-29.297
-0.383,-0.562,-0.849,-169.006,-9.583,-26.855
-0.426,-0.552,-0.796,-176.453,3.418,-20.142
-0.432,-0.538,-0.737,-179.687,21.484,-12.329
-0.408,-0.541,-0.679,-180.054,38.33,-5.615
-0.358,-0.546,-0.618,-178.65,51.086,-1.465
-0.306,-0.544,-0.542,-176.331,59.082,-0.671
-0.272,-0.511,-0.506,-170.654,63.599,-4.639
-0.298,-0.501,-0.532,-164.612,64.087,-9.949
-0.333,-0.472,-0.567,-167.053,59.631,-9.827
-0.377,-0.438,-0.593,-180.42,54.138,-4.089
-0.393,-0.439,-0.553,-202.637,48.706,6.958
-0.373,-0.401,-0.462,-228.882,48.889,20.264
-0.335,-0.373,-0.329,-249.573,57.068,30.09
-0.288,-0.341,-0.173,-261.475,69.885,37.476
-0.213,-0.341,0.01,-264.893,81.909,43.274
-0.119,-0.357,0.173,-260.62,88.623,46.387
-0.041,-0.359,0.289,-252.625,89.294,42.969
-0.041,-0.353,0.333,-245.056,82.947,34.424
-0.048,-0.391,0.356,-244.995,70.74,30.212
-0.063,-0.424,0.392,-256.409,58.167,33.508
-0.082,-0.429,0.441,-275.696,53.528,38.391
-0.052,-0.386,0.472,-293.579,59.57,42.542
-0.11,-0.408,0.55,-302.124,63.232,47.058
-0.07,-0.378,0.677,-316.284,65.369,50.659
-0.011,-0.33,0.818,-324.402,69.946,53.284
0.008,-0.352,0.907,-312.073,60.364,50.049
0.014,-0.362,0.947,-294.8,45.166,40.833
-0.005,-0.365,0.975,-278.076,31.006,30.396
-0.015,-0.355,0.963,-259.827,21.179,19.775
-0.022,-0.288,0.892,-244.507,17.334,12.695
-0.041,-0.294,0.843,-233.643,11.963,10.62
-0.033,-0.282,0.814,-234.863,14.16,12.512
0.005,-0.211,0.791,-245.056,28.809,17.578
0.044,-0.165,0.79,-252.93,40.466,22.156
0.068,-0.138,0.84,-260.071,47.058,23.865
0.08,-0.11,0.961,-264.526,51.697,21.423
0.06,-0.096,1.111,-258.423,54.932,14.954
0,-0.064,1.274,-239.746,54.26,6.897
-0.061,-0.023,1.363,-213.257,48.645,-0.854
-0.121,-0.019,1.401,-186.218,37.659,-6.836
-0.184,0.01,1.429,-168.335,24.414,-8.667
-0.215,0.057,1.467,-160.583,12.695,-3.235
-0.248,0.073,1.495,-157.41,5.005,6.287
-0.249,0.07,1.541,-157.532,1.892,17.883
-0.203,0.07,1.613,-160.034,5.676,30.151
-0.14,0.058,1.687,-160.339,17.7,36.682
-0.079,0.054,1.788,-154.358,34.851,37.903
-0.016,0.059,1.934,-139.404,50.903,37.72
0.057,0.029,1.997,-110.291,61.34,36.255
0.056,-0.036,2.257,-73.12,61.096,30.518
0.124,-0.102,2.284,-28.442,57.068,22.583
0.187,-0.082,2.075,14.221,38.635,15.503
0.25,-0.105,1.68,37.964,0.549,3.296
0.247,-0.142,1.364,33.386,-49.255,-8.972
0.153,-0.114,1.234,13.672,-88.562,-17.639
0.047,-0.112,1.164,5.005,-109.009,-17.212
-0.005,-0.108,1.09,10.498,-112,-11.169
-0.015,-0.114,0.953,23.743,-94.36,-9.888
-0.031,-0.132,0.821,32.654,-67.871,-12.329
-0.043,-0.144,0.757,31.982,-42.786,-12.756
-0.059,-0.15,0.744,26.55,-24.231,-12.146
-0.083,-0.163,0.765,21.057,-12.451,-11.902
-0.107,-0.179,0.793,17.578,-4.456,-12.329
-0.128,-0.195,0.805,16.968,-0.122,-12.939
-0.154,-0.203,0.8,16.785,-0.61,-13.123
-0.175,-0.208,0.795,14.526,-4.272,-12.329
-0.192,-0.205,0.798,10.193,-9.46,-10.864
-0.21,-0.194,0.818,5.005,-14.343,-9.338
-0.228,-0.18,0.844,0.366,-14.832,-6.714
-0.23,-0.173,0.876,-1.892,-9.644,-3.845
-0.226,-0.167,0.906,-2.38,-2.014,-2.136
-0.22,-0.16,0.935,-1.343,6.653,-1.953
-0.215,-0.157,0.96,0.427,12.695,-2.319
-0.201,-0.156,0.975,1.709,14.893,-2.075
-0.189,-0.161,0.982,2.258,14.099,-1.038
-0.178,-0.165,0.977,2.991,9.949,-0.122
-0.177,-0.163,0.967,3.54,3.479,-0.061
-0.177,-0.161,0.962,3.784,-3.235,0.122
-0.171,-0.166,0.953,4.456,-7.263,1.038
-0.166,-0.168,0.935,5.92,-7.507,1.648
-0.156,-0.169,0.923,6.104,-5.737,1.892
-0.148,-0.173,0.924,5.554,-3.784,1.77
-0.14,-0.174,0.928,4.639,-1.77,1.648
-0.134,-0.172,0.927,4.15,0.61,1.587
-0.127,-0.176,0.923,3.723,3.174,1.892
-0.117,-0.179,0.924,2.808,4.395,2.075
-0.116,-0.183,0.923,2.686,3.784,1.648
-0.125,-0.187,0.915,3.418,0.977,0.549
-0.136,-0.191,0.906,3.662,-2.319,-0.183
-0.144,-0.191,0.9,3.296,-4.089,-0.671
-0.155,-0.192,0.899,2.747,-4.822,-1.099
-0.162,-0.191,0.894,2.319,-3.784,-0.916
-0.17,-0.187,0.893,1.16,-1.404,-0.244
-0.17,-0.191,0.899,-0.183,1.831,0.61
-0.168,-0.192,0.908,-0.977,5.371,1.343
-0.163,-0.192,0.919,-1.282,7.812,1.709
-0.157,-0.195,0.928,-0.793,8.301,1.343
-0.156,-0.193,0.928,-0.061,7.202,0.732
-0.161,-0.191,0.928,0.183,5.066,0.366
0.072,0.281,2.51,98.267,82.825,4.272
0.153,0.35,2.616,123.657,68.298,-0.244
0.225,0.418,2.633,155.396,41.565,-7.263
0.252,0.502,2.577,189.697,1.648,-17.883
0.234,0.624,2.496,220.886,-47.791,-28.748
0.195,0.732,2.437,244.507,-94.543,-35.156
0.168,0.823,2.375,266.663,-125.549,-35.034
0.156,0.866,2.282,297.729,-136.23,-33.203
0.164,0.94,2.157,333.984,-126.892,-33.081
0.194,0.998,2.002,370.3,-96.008,-38.086
0.242,1.015,1.783,412.598,-57.434,-47.607
0.303,1.02,1.501,461.243,-29.419,-59.814
0.356,1.056,1.207,505.737,-18.799,-73.12
0.378,1.103,0.937,540.71,-22.766,-86.243
0.379,1.106,0.687,566.284,-34.851,-97.534
0.377,1.098,0.45,581.482,-54.871,-104.004
0.372,1.093,0.245,592.468,-85.51,-106.384
0.359,1.134,0.031,603.149,-122.498,-106.567
0.319,1.178,-0.191,609.558,-165.405,-103.21
0.24,1.222,-0.425,609.802,-208.252,-96.191
0.171,1.3,-0.652,609.131,-238.037,-83.862
0.175,1.484,-0.954,615.723,-250.488,-67.81
0.152,1.63,-1.239,630.371,-246.826,-54.077
0.597,2.686,-1.893,625.305,-218.262,-40.527
-0.127,1.493,-2.441,612.061,-176.27,-43.64
-0.22,1.134,-3.086,611.023,-146.118,-73.059
-0.276,1.211,-3.677,497.864,-131.409,-59.692
-0.355,0.88,-3.952,378.662,-144.47,-61.218
-0.371,0.832,-3.952,255.188,-157.043,-59.753
-0.37,0.848,-3.7,141.052,-147.949,-43.701
-0.256,0.804,-3.405,59.692,-110.046,-15.503
-0.059,0.601,-3.139,6.287,-52.185,20.447
0.2,0.318,-2.9,-35.767,8.789,56.274
0.424,0.042,-2.601,-81.055,56.641,82.458
0.544,-0.192,-2.223,-128.967,85.876,91.98
0.512,-0.361,-1.754,-174.072,98.389,89.966
0.377,-0.473,-1.268,-206.604,105.469,82.52
0.259,-0.548,-0.893,-219.299,120.239,71.838
0.179,-0.609,-0.669,-214.294,137.329,69.153
0.131,-0.652,-0.558,-198.486,149.475,74.951
0.138,-0.67,-0.534,-179.504,151.367,79.407
0.146,-0.715,-0.582,-159.424,140.076,71.655
0.129,-0.724,-0.669,-144.592,117.249,53.65
0.056,-0.705,-0.753,-138.489,86.67,32.104
-0.067,-0.666,-0.834,-138.489,57.251,11.902
-0.204,-0.628,-0.911,-143.494,36.804,0.061
-0.298,-0.61,-0.969,-153.992,29.724,-0.793
-0.355,-0.574,-0.97,-169.861,34.18,5.432
-0.381,-0.534,-0.935,-186.035,46.692,12.817
-0.382,-0.498,-0.885,-198.73,62.317,19.714
-0.369,-0.468,-0.797,-208.679,76.538,26.733
-0.334,-0.431,-0.672,-214.966,88.379,32.776
-0.271,-0.408,-0.53,-215.149,94.116,36.804
-0.197,-0.415,-0.421,-208.862,91.492,35.828
-0.144,-0.423,-0.359,-199.28,81.055,28.931
-0.146,-0.408,-0.353,-192.749,62.988,18.86
-0.198,-0.415,-0.4,-195.007,40.833,11.475
-0.261,-0.419,-0.41,-211.975,19.775,12.878
-0.328,-0.378,-0.327,-239.624,10.193,21.973
-0.359,-0.344,-0.168,-263.245,25.33,34.912
-0.315,-0.337,0.068,-274.78,58.777,50.354
-0.202,-0.335,0.282,-269.043,89.966,64.392
-0.091,-0.382,0.408,-248.962,104.797,68.665
-0.022,-0.445,0.428,-225.891,96.558,59.509
-0.013,-0.456,0.427,-213.013,67.81,47.363
-0.059,-0.47,0.416,-208.984,31.189,37.17
-0.139,-0.47,0.411,-214.417,6.104,31.738
-0.208,-0.465,0.478,-230.103,-2.502,34.973
-0.229,-0.43,0.623,-247.986,6.836,45.227
-0.223,-0.447,0.802,-256.409,27.588,57.922
-0.237,-0.435,1.075,-256.531,48.767,68.481
-0.121,-0.438,1.287,-264.465,85.083,76.355
0.046,-0.555,1.333,-252.869,117.554,85.876
0.06,-0.7,1.24,-215.82,99.121,78.613
0.004,-0.699,1.203,-197.998,61.584,59.021
0.012,-0.665,1.153,-185.608,23.56,42.786
-0.032,-0.666,0.991,-162.231,-16.235,27.283
-0.141,-0.607,0.779,-146.362,-44.189,13.611
-0.184,-0.561,0.696,-152.1,-54.993,15.381
-0.168,-0.499,0.758,-172.546,-40.649,28.931
-0.122,-0.481,0.837,-188.293,-2.686,43.274
-0.019,-0.496,0.945,-194.58,39.734,55.542
0.095,-0.494,1.034,-191.833,68.787,63.416
0.191,-0.539,1.085,-178.223,75.989,61.584
0.242,-0.589,1.102,-159.79,65.613,51.025
0.233,-0.623,1.086,-140.808,44.373,35.034
0.181,-0.619,1.041,-125.61,18.555,19.775
0.099,-0.56,0.999,-117.92,-4.761,9.216
0.001,-0.494,0.979,-118.042,-18.005,5.798
-0.025,-0.448,1.02,-125.854,-18.555,11.658
-0.018,-0.402,1.102,-135.803,-4.028,20.996
0.019,-0.375,1.15,-139.832,22.339,27.832
0.08,-0.381,1.158,-137.39,49.011,32.593
0.155,-0.4,1.173,-132.019,63.538,33.936
0.213,-0.412,1.269,-125.244,62.317,30.884
0.236,-0.411,1.341,-110.84,48.462,23.437
0.206,-0.433,1.327,-89.355,27.161,11.597
0.167,-0.436,1.294,-73.73,2.625,1.343
0.114,-0.409,1.269,-65.918,-18.066,-4.7
0.054,-0.397,1.244,-61.523,-31.433,-7.446
0.009,-0.434,1.245,-59.937,-36.865,-6.714
-0.005,-0.38,1.251,-60.242,-31.189,-4.333
-0.02,-0.385,1.244,-54.077,-20.691,-3.967
-0.012,-0.38,1.221,-43.945,-10.01,-4.089
0.003,-0.368,1.191,-33.264,-4.761,-4.944
0.008,-0.362,1.146,-22.522,-5.432,-8.179
-0.002,-0.356,1.095,-14.099,-11.597,-12.085
-0.02,-0.36,1.052,-8.85,-19.165,-14.771
-0.036,-0.356,1.016,-6.897,-22.644,-15.015
-0.057,-0.35,0.996,-7.141,-23.376,-14.099
-0.076,-0.356,0.964,-7.08,-21.973,-12.329
-0.092,-0.353,0.928,-6.775,-18.616,-10.986
-0.107,-0.347,0.898,-5.981,-15.259,-9.705
-0.115,-0.342,0.885,-5.859,-10.925,-8.118
-0.114,-0.338,0.876,-5.066,-6.165,-6.47
-0.104,-0.338,0.872,-5.005,-1.587,-5.249
-0.093,-0.332,0.877,-5.554,0.366,-4.211
-0.085,-0.327,0.896,-6.775,0.366,-3.601
-0.075,-0.326,0.918,-8.179,0,-2.686
-0.188,1.03,-2.09,497.62,-153.87,-97.046
-0.324,0.676,-2.558,477.783,-98.999,-76.538
-0.47,0.538,-2.995,417.114,-54.138,-60.669
-0.539,0.505,-3.231,330.383,-30.212,-45.898
-0.58,0.469,-3.287,241.516,-20.325,-34.973
-0.605,0.457,-3.168,158.936,-20.752,-22.949
-0.613,0.407,-2.97,89.783,-20.02,-9.338
-0.587,0.32,-2.746,35.828,-11.23,5.981
-0.526,0.167,-2.502,-5.798,3.662,24.597
-0.421,0.007,-2.242,-41.199,23.376,44.617
-0.302,-0.134,-1.984,-76.599,41.077,64.636
-0.197,-0.304,-1.71,-104.431,55.664,76.294
-0.088,-0.423,-1.445,-126.282,68.42,76.416
-0.025,-0.506,-1.152,-143.921,75.623,75.134
0,-0.543,-0.89,-153.32,80.75,77.209
-0.021,-0.546,-0.735,-151.855,85.693,78.125
-0.054,-0.591,-0.657,-142.944,85.144,71.533
-0.078,-0.641,-0.603,-132.202,78.735,61.768
-0.11,-0.651,-0.572,-122.986,70.19,52.734
-0.153,-0.632,-0.584,-115.54,64.453,43.335
-0.222,-0.646,-0.637,-112.671,61.096,35.034
-0.285,-0.703,-0.631,-118.103,56.091,33.142
-0.338,-0.752,-0.541,-132.202,54.504,35.706
-0.382,-0.785,-0.377,-145.935,58.533,39.978
-0.399,-0.814,-0.174,-152.832,66.65,46.021
-0.383,-0.848,0.023,-149.048,73.73,52.49
-0.343,-0.881,0.101,-134.644,78.552,56.946
-0.283,-0.924,0.058,-115.356,79.712,55.481
-0.254,-0.956,-0.051,-99.854,71.96,48.584
-0.259,-0.963,-0.159,-94.238,54.016,38.452
-0.292,-0.94,-0.246,-97.717,33.752,30.029
-0.333,-0.902,-0.324,-104.797,17.395,24.841
-0.367,-0.87,-0.402,-113.77,7.202,23.987
-0.391,-0.835,-0.457,-124.573,2.625,26.489
-0.399,-0.8,-0.47,-136.841,5.798,31.555
-0.376,-0.763,-0.435,-147.461,14.648,38.757
-0.322,-0.737,-0.384,-153.32,26.306,46.936
-0.258,-0.74,-0.352,-154.236,33.936,52.368
-0.208,-0.743,-0.344,-154.663,33.813,52.856
-0.183,-0.743,-0.35,-158.142,27.344,49.255
-0.169,-0.741,-0.361,-165.283,19.714,45.349
-0.183,-0.721,-0.375,-174.866,14.221,43.64
-0.187,-0.716,-0.394,-186.096,14.771,42.542
-0.187,-0.693,-0.393,-201.172,18.921,45.105
-0.189,-0.658,-0.371,-218.384,27.466,50.415
-0.173,-0.614,-0.339,-234.558,41.138,56.58
-0.131,-0.568,-0.291,-250,59.021,63.965
-0.043,-0.529,-0.211,-266.357,76.294,73.12
0.043,-0.503,-0.121,-281.86,88.501,80.322
0.105,-0.485,-0.022,-294.8,92.59,80.994
0.138,-0.457,0.076,-306.335,90.088,76.904
0.12,-0.443,0.174,-315.063,85.083,70.984
0.125,-0.393,0.236,-318.42,84.351,64.575
0.123,-0.372,0.268,-316.223,88.196,60.242
0.128,-0.348,0.294,-314.087,87.341,57.068
0.121,-0.283,0.329,-317.322,79.651,54.138
0.111,-0.206,0.403,-329.59,66.345,53.711
0.083,-0.119,0.511,-348.389,52.185,55.542
0.084,-0.052,0.681,-371.277,44.495,59.265
0.097,-0.008,0.938,-387.756,43.762,62.927
0.092,0.018,1.203,-385.925,48.279,62.439
0.094,-0.014,1.453,-362.488,56.213,56.458
0.094,-0.064,1.617,-320.801,60.852,50.659
0.096,-0.118,1.682,-269.47,51.575,45.776
0.079,-0.129,1.691,-220.764,28.625,40.222
0.08,-0.098,1.691,-186.34,-0.183,36.621
0.056,-0.087,1.683,-161.987,-26.489,34.485
0.033,-0.071,1.682,-147.4,-44.006,33.875
0.031,-0.067,1.687,-138.916,-51.27,35.767
0.034,-0.105,1.672,-127.563,-55.115,37.17
0.032,-0.151,1.627,-112.366,-59.326,35.767
0.023,-0.188,1.553,-94.91,-66.467,31.555
0.011,-0.215,1.464,-75.928,-75.073,25.33
-0.005,-0.228,1.365,-57.8,-82.581,19.104
-0.034,-0.209,1.249,-41.565,-85.632,13.062
-0.062,-0.177,1.133,-29.785,-80.994,8.362
-0.071,-0.143,1.041,-25.33,-66.833,6.348
-0.077,-0.147,0.992,-25.696,-48.828,4.639
-0.074,-0.141,0.982,-29.297,-30.334,3.845
-0.063,-0.137,0.988,-33.02,-13.245,2.808
-0.057,-0.159,1.006,-34.912,-3.479,0.61
-0.06,-0.178,1.031,-34.851,-2.686,-1.099
-0.076,-0.196,1.052,-31.189,-8.301,-2.869
-0.103,-0.196,1.052,-24.109,-16.724,-4.456
-0.13,-0.178,1.032,-16.418,-22.583,-5.493
-0.159,-0.154,1.007,-12.146,-23.987,-5.859
-0.179,-0.134,0.999,-12.512,-20.996,-4.089
-0.18,-0.135,1.013,-16.541,-15.32,-1.038
-0.175,-0.137,1.044,-20.813,-6.958,1.526
-0.172,-0.141,1.069,-21.729,1.038,1.953
-0.16,-0.15,1.087,-20.02,6.836,2.441
-0.144,-0.163,1.098,-16.479,8.301,3.601
-0.131,-0.176,1.094,-11.719,5.066,4.089
-0.121,-0.179,1.082,-6.714,-1.404,3.54
-0.115,-0.173,1.065,-3.113,-7.69,3.052
-0.112,-0.171,1.052,-1.282,-12.146,2.93
-0.11,-0.171,1.04,-0.244,-13,2.686
-0.112,-0.169,1.027,0.732,-10.925,1.709
-0.12,-0.171,1.012,1.587,-8.057,0.61
-0.125,-0.175,1.001,2.258,-5.554,-0.122
-0.126,-0.177,0.995,2.502,-4.028,-0.427
-0.125,-0.179,0.987,2.991,-3.54,-0.61
-0.125,-0.184,0.974,4.211,-3.479,-0.854
-0.123,-0.187,0.958,5.005,-3.418,-1.282
-0.124,-0.19,0.944,5.371,-3.662,-1.282
-0.123,-0.192,0.935,5.859,-3.784,-1.404
-0.124,-0.192,0.929,5.371,-2.502,-1.953
-0.125,-0.195,0.927,4.822,-0.854,-2.747
-0.13,-0.198,0.923,4.944,0.671,-3.418
-0.135,-0.205,0.922,5.249,1.16,-3.784
-0.142,-0.203,0.924,4.761,0.183,-3.845
-0.149,-0.204,0.923,4.761,-1.099,-3.967
-0.156,-0.204,0.923,4.944,-2.075,-3.967
-0.167,-0.207,0.922,5.005,-2.686,-3.845
-0.175,-0.204,0.917,4.944,-2.441,-3.845
-0.181,-0.198,0.911,5.249,-1.343,-3.601
-0.186,-0.191,0.91,4.7,0.549,-3.479
-0.184,-0.191,0.918,3.235,2.686,-2.502
-0.179,-0.189,0.929,1.465,5.676,-1.221
-0.074,0.299,2.351,160.583,-29.114,31.738
-0.055,0.411,2.379,180.969,-33.325,27.466
-0.043,0.475,2.336,207.703,-28.32,22.156
-0.005,0.501,2.231,239.685,-20.752,17.7
0.046,0.523,2.08,271.729,-14.343,13.855
0.113,0.58,1.907,301.819,-7.812,9.094
0.173,0.642,1.713,329.468,-1.038,2.319
0.259,0.672,1.531,354.98,6.592,-4.15
0.372,0.72,1.368,376.831,15.32,-11.047
0.468,0.759,1.184,399.78,22.4,-22.156
0.573,0.755,1,424.561,21.851,-35.889
0.678,0.75,0.836,446.045,6.897,-49.316
0.711,0.705,0.688,468.262,-23.071,-63.843
0.758,0.779,0.56,488.586,-61.218,-77.026
0.766,0.99,0.392,502.625,-92.041,-88.562
0.678,1.118,0.103,522.034,-112.549,-102.661
0.53,1.074,-0.236,539.612,-128.357,-112.732
0.308,0.906,-0.603,542.969,-136.902,-110.596
0.15,0.781,-0.94,532.104,-139.465,-95.276
0.132,0.922,-1.225,510.254,-134.766,-76.66
0.013,0.983,-1.7,488.342,-118.408,-72.021
-0.325,0.552,-2.063,472.595,-95.276,-81.482
-0.69,0.543,-2.328,444.031,-59.692,-81.421
-0.886,0.704,-2.675,428.711,-11.108,-74.463
-1.009,0.755,-3.187,419.678,28.931,-66.284
-0.983,0.544,-3.719,383.057,33.813,-44.25
-0.844,0.257,-3.979,305.908,5.249,-22.339
-0.747,0.141,-3.929,203.552,-25.085,-9.949
-0.668,0.065,-3.635,99.854,-37.659,-2.258
-0.579,-0.057,-3.165,14.709,-34.851,13.062
-0.446,-0.197,-2.632,-48.462,-13.855,34.851
-0.252,-0.377,-2.071,-92.834,18.25,54.688
-0.036,-0.539,-1.521,-122.742,51.208,70.251
0.157,-0.662,-0.987,-141.052,74.89,80.566
0.294,-0.787,-0.515,-143.494,87.769,80.505
0.366,-0.9,-0.131,-132.751,95.703,70.618
0.355,-0.952,0.09,-114.38,99.365,59.387
0.268,-0.994,0.117,-89.233,97.351,46.875
0.141,-1.016,0.023,-65.125,88.135,32.471
-0.014,-0.956,-0.121,-49.133,71.655,19.287
-0.178,-0.845,-0.329,-39.612,52.917,8.423
-0.355,-0.88,-0.548,-36.865,34.729,1.831
-0.467,-0.855,-0.707,-44.373,20.203,3.784
-0.53,-0.814,-0.828,-56.702,14.099,9.521
-0.544,-0.814,-0.924,-65.552,16.541,15.93
-0.491,-0.806,-0.987,-74.768,24.353,23.743
-0.405,-0.797,-1.028,-84.351,31.799,28.992
-0.335,-0.793,-1.043,-94.36,33.325,29.968
-0.298,-0.776,-1.019,-105.164,27.527,27.405
-0.287,-0.75,-0.973,-114.807,18.738,22.461
-0.282,-0.716,-0.94,-121.582,10.986,17.151
-0.296,-0.683,-0.928,-126.099,4.639,12.573
-0.311,-0.644,-0.924,-130.31,0.244,9.277
-0.31,-0.586,-0.914,-135.681,-0.305,7.874
-0.316,-0.526,-0.911,-139.648,3.967,8.362
-0.308,-0.468,-0.924,-144.165,13.733,11.963
-0.28,-0.436,-0.914,-151.917,23.376,18.188
-0.222,-0.407,-0.851,-165.588,30.029,26.001
-0.141,-0.38,-0.725,-181.946,33.081,32.593
-0.077,-0.359,-0.576,-194.214,35.95,33.447
-0.027,-0.342,-0.454,-199.768,39.185,29.846
-0.013,-0.322,-0.389,-200.317,42.297,24.597
-0.011,-0.314,-0.362,-201.782,46.204,20.203
-0.014,-0.301,-0.32,-210.51,51.208,19.836
-0.019,-0.265,-0.249,-224.548,55.969,22.949
-0.047,-0.223,-0.183,-240.906,64.026,27.588
-0.062,-0.192,-0.126,-259.338,74.951,35.217
-0.041,-0.175,-0.042,-282.776,87.097,46.265
0.031,-0.165,0.14,-309.326,96.313,58.472
0.103,-0.147,0.375,-331.36,94.36,65.735
0.076,-0.164,0.558,-340.271,82.092,62.988
0.061,-0.182,0.673,-338.135,69.397,53.955
0.059,-0.213,0.784,-332.336,62.317,46.143
0.008,-0.185,0.823,-324.646,55.725,40.222
-0.042,-0.177,0.818,-320.435,48.035,38.147
-0.089,-0.181,0.906,-326.904,38.452,43.213
-0.123,-0.131,1.068,-339.355,39.978,50.171
-0.115,-0.095,1.31,-341.675,50.903,58.167
-0.078,-0.11,1.559,-325.928,60.547,64.636
0.008,-0.155,1.689,-295.166,66.284,66.406
0.057,-0.264,1.723,-255.554,58.411,60.12
0.044,-0.379,1.663,-218.018,38.33,46.021
0.027,-0.347,1.555,-194.763,18.616,36.316
-0.005,-0.35,1.461,-181.274,-5.92,33.691
-0.047,-0.304,1.437,-180.237,-26.978,34.851
-0.068,-0.263,1.531,-185.852,-32.593,39.001
-0.029,-0.246,1.709,-186.523,-17.883,44.312
0.045,-0.232,1.841,-174.133,10.498,47.241
0.12,-0.279,1.875,-147.095,34.668,43.03
0.189,-0.346,1.843,-118.103,42.542,34.363
0.236,-0.381,1.765,-92.407,32.959,23.254
0.227,-0.408,1.651,-69.336,10.62,10.193
0.166,-0.404,1.521,-50.415,-16.846,-2.136
0.061,-0.395,1.387,-37.17,-41.687,-10.193
-0.019,-0.363,1.254,-30.64,-57.983,-11.902
-0.055,-0.351,1.161,-29.846,-65.247,-6.958
-0.078,-0.346,1.082,-29.846,-60.669,-2.075
-0.075,-0.338,1.013,-28.992,-44.312,2.014
-0.049,-0.336,0.973,-28.015,-24.536,4.578
-0.017,-0.331,0.966,-28.503,-7.69,5.92
0.001,-0.333,0.972,-26.489,0.977,4.517
0.006,-0.338,0.969,-21.362,1.038,0.671
-0.011,-0.334,0.941,-15.686,-5.92,-3.601
-0.048,-0.328,0.908,-13.062,-15.32,-6.287
-0.088,-0.319,0.894,-14.343,-21.301,-6.836
-0.123,-0.315,0.899,-17.7,-22.339,-5.676
-0.152,-0.307,0.907,-21.179,-18.555,-3.601
-0.173,-0.303,0.915,-22.583,-12.329,-1.343
-0.174,-0.302,0.939,-23.132,-4.822,0.916
-0.159,-0.301,0.978,-21.912,2.747,2.625
-0.136,-0.303,1.004,-19.043,8.484,3.174
-0.117,-0.302,1.017,-14.343,9.155,2.197
-0.106,-0.297,1.021,-10.986,5.615,0.854
-0.095,-0.302,1.024,-9.705,0.122,0.671
-0.088,-0.306,1.023,-8.789,-4.944,0.977
-0.087,-0.307,1.009,-7.141,-8.972,0.427
-0.087,-0.307,0.988,-4.883,-11.78,-0.427
-0.093,-0.304,0.964,-3.296,-13.55,-1.465
-0.107,-0.298,0.946,-2.258,-14.832,-2.136
0.139,0.19,2.292,199.829,-2.93,-11.963
0.159,0.274,2.27,222.107,-8.545,-15.564
0.197,0.326,2.223,247.192,-3.052,-19.897
0.243,0.376,2.131,276.794,14.099,-26.367
0.29,0.446,2.003,307.007,37.72,-36.316
0.349,0.47,1.83,338.379,61.951,-50.476
0.408,0.484,1.617,369.324,78.125,-67.444
0.454,0.506,1.398,398.376,77.332,-85.999
0.479,0.562,1.174,424.255,60.242,-106.445
0.468,0.632,0.95,444.58,33.875,-127.258
0.449,0.667,0.732,460.388,0.183,-145.447
0.419,0.696,0.534,471.802,-42.847,-158.875
0.374,0.723,0.375,478.027,-92.957,-167.48
0.317,0.756,0.199,482.91,-142.761,-171.875
0.243,0.783,0.041,484.924,-191.467,-171.875
0.169,0.818,-0.097,487.122,-229.187,-167.603
0.059,0.879,-0.281,496.216,-246.338,-160.706
-0.066,0.996,-0.519,508.301,-238.953,-149.353
-0.121,1.271,-0.819,523.682,-209.717,-135.803
-0.158,1.533,-1.36,532.654,-168.64,-121.887
-0.298,1.274,-1.908,544.067,-141.418,-113.525
-0.417,0.976,-2.524,526.489,-131.226,-99.487
-0.517,0.726,-2.994,465.881,-128.052,-81.909
-0.615,0.683,-3.434,385.62,-117.126,-77.087
-0.721,0.584,-3.663,296.265,-112.183,-75.745
-0.747,0.498,-3.643,205.017,-118.042,-62.134
-0.725,0.426,-3.465,118.042,-114.075,-37.964
-0.65,0.328,-3.208,47.791,-88.257,-11.353
-0.527,0.175,-2.906,-6.287,-50.842,16.785
-0.338,0.005,-2.572,-52.429,-13.977,47.363
-0.133,-0.165,-2.222,-93.628,15.991,71.899
0.026,-0.331,-1.869,-127.075,35.828,84.351
0.137,-0.462,-1.498,-154.663,48.828,88.074
0.197,-0.519,-1.136,-174.622,58.411,86.792
0.158,-0.531,-0.865,-180.725,63.538,84.473
0.124,-0.575,-0.744,-171.448,70.435,74.707
0.092,-0.639,-0.707,-159.058,74.097,64.514
0.066,-0.647,-0.692,-148.437,78.186,61.218
0.053,-0.622,-0.706,-138.672,79.712,60.669
0.006,-0.628,-0.771,-127.808,77.026,52.856
-0.059,-0.633,-0.867,-123.718,66.467,42.725
-0.113,-0.629,-0.929,-131.958,52.002,37.17
-0.151,-0.6,-0.931,-147.949,39.917,34.912
-0.178,-0.543,-0.91,-164.429,35.034,33.386
-0.174,-0.419,-0.859,-179.504,37.415,34.241
-0.13,-0.22,-0.827,-197.388,50.659,35.706
-0.185,-0.472,-0.744,-210.022,69.519,37.354
-0.1,-0.427,-0.608,-216.98,73.364,44.861
-0.061,-0.427,-0.481,-225.281,68.787,48.828
-0.062,-0.491,-0.395,-224.609,59.143,42.542
-0.078,-0.487,-0.309,-227.478,48.279,35.95
-0.124,-0.465,-0.236,-231.995,40.405,30.823
-0.174,-0.456,-0.213,-236.084,39.307,30.762
-0.167,-0.468,-0.174,-245.667,44.8,37.72
-0.103,-0.435,-0.001,-258.972,54.26,47.119
-0.024,-0.39,0.216,-260.254,65.735,50.11
0.057,-0.4,0.378,-241.821,72.815,43.091
0.12,-0.416,0.484,-211.121,68.054,26.978
0.111,-0.365,0.47,-175.293,53.284,4.15
0.049,-0.355,0.308,-145.02,31.555,-14.893
-0.034,-0.431,0.11,-141.296,-0.671,-22.888
-0.103,-0.455,0.104,-174.438,-35.889,-22.4
-0.166,-0.39,0.367,-222.534,-56.885,-15.32
-0.227,-0.32,0.674,-252.014,-50.171,-9.705
-0.232,-0.364,0.879,-251.648,-18.25,-2.319
-0.174,-0.42,0.961,-239.868,15.442,7.507
-0.12,-0.461,0.979,-225.891,33.813,7.69
-0.124,-0.497,0.922,-214.294,35.4,-0.305
-0.21,-0.51,0.828,-210.327,31.311,-6.958
-0.269,-0.521,0.831,-218.567,28.076,-2.441
-0.248,-0.542,1.024,-234.924,21.24,14.282
-0.26,-0.517,1.233,-246.643,23.132,25.024
-0.275,-0.544,1.361,-240.662,33.02,27.1
-0.217,-0.553,1.369,-224.121,43.091,29.968
-0.162,-0.575,1.302,-205.078,48.096,30.945
-0.153,-0.588,1.231,-190.369,46.875,27.344
-0.153,-0.571,1.188,-182.861,44.067,25.513
-0.161,-0.556,1.168,-178.101,43.03,26.184
-0.192,-0.591,1.228,-171.265,42.175,27.771
-0.2,-0.567,1.32,-161.865,43.579,31.677
-0.151,-0.569,1.403,-147.949,40.894,36.133
-0.116,-0.604,1.471,-131.836,31.25,36.011
-0.093,-0.631,1.53,-116.455,18.066,31.006
-0.076,-0.628,1.588,-102.417,5.432,26.184
-0.06,-0.639,1.602,-87.219,-1.587,21.729
-0.051,-0.643,1.576,-72.205,-2.93,17.517
-0.047,-0.649,1.536,-58.167,-3.723,14.16
-0.037,-0.642,1.498,-46.204,-4.456,12.146
-0.023,-0.634,1.452,-34.546,-5.066,9.827
-0.016,-0.624,1.383,-21.729,-5.127,6.348
-0.02,-0.608,1.283,-9.216,-8.057,1.465
-0.033,-0.589,1.185,0.366,-15.503,-3.418
-0.053,-0.56,1.09,6.592,-24.597,-7.324
-0.078,-0.531,1.002,10.742,-31.494,-9.827
-0.092,-0.503,0.927,12.146,-32.471,-10.01
-0.102,-0.489,0.861,13.855,-26.428,-8.911
-0.1,-0.483,0.815,14.343,-16.907,-6.714
-0.092,-0.48,0.786,13.611,-8.484,-4.578
-0.086,-0.488,0.762,13.672,-2.563,-3.967
-0.089,-0.494,0.747,13.672,0.122,-4.333
-0.097,-0.5,0.734,13.184,0.305,-5.493
-0.11,-0.507,0.729,12.268,-0.977,-6.897
-0.122,-0.514,0.727,10.681,-2.563,-7.629
-0.135,-0.518,0.722,8.972,-3.479,-7.874
-0.159,-0.522,0.714,7.629,-4.944,-8.606
-0.181,-0.526,0.709,6.226,-5.127,-7.874
-0.195,-0.524,0.715,3.601,-3.113,-6.042
-0.204,-0.525,0.728,2.197,0.916,-4.578
-0.207,-0.529,0.738,1.831,5.676,-3.296
-0.203,-0.531,0.754,1.099,8.789,-1.953
-0.197,-0.528,0.771,0.427,10.132,-0.793
-0.188,-0.532,0.785,0.549,10.193,0
-0.178,-0.53,0.798,0.305,9.766,0.244
-0.171,-0.526,0.805,0.244,8.24,0
-0.164,-0.525,0.808,-0.061,5.066,-0.305
-0.164,-0.518,0.812,-0.854,1.953,-0.793
-0.164,-0.517,0.814,-1.77,0.183,-1.16
-0.16,-0.517,0.811,-1.587,0.244,-1.16
-0.157,-0.515,0.801,-0.732,1.77,-1.038
-0.234,0.7,-2.066,409.851,-74.097,-83.862
-0.366,0.365,-2.216,371.521,-48.767,-70.496
-0.398,0.5,-2.335,327.148,-24.292,-59.448
-0.419,0.514,-2.441,284.119,-7.69,-49.133
-0.391,0.472,-2.532,246.338,-6.958,-40.405
-0.383,0.376,-2.586,202.087,-13.855,-32.043
-0.389,0.281,-2.578,154.114,-17.639,-24.475
-0.396,0.152,-2.502,104.492,-13.123,-14.099
-0.389,-0.004,-2.337,55.481,-3.113,-0.61
-0.346,-0.165,-2.078,8.484,9.949,17.456
-0.255,-0.302,-1.773,-31.616,24.658,38.574
-0.183,-0.399,-1.451,-61.951,41.626,59.326
-0.091,-0.503,-1.14,-77.759,60.059,70.557
-0.009,-0.605,-0.851,-82.153,74.829,71.838
0.031,-0.686,-0.624,-78.064,80.566,70.19
0.021,-0.769,-0.487,-68.054,78.735,65.369
-0.024,-0.833,-0.425,-57.007,72.021,54.504
-0.115,-0.88,-0.411,-47.974,63.721,40.039
-0.227,-0.881,-0.424,-41.809,53.284,26.672
-0.335,-0.879,-0.451,-38.574,41.382,15.991
-0.432,-0.85,-0.489,-37.292,29.785,9.46
-0.503,-0.809,-0.561,-36.499,19.592,6.348
-0.54,-0.769,-0.656,-36.987,10.986,5.798
-0.549,-0.732,-0.745,-39.307,3.662,6.958
-0.533,-0.686,-0.815,-43.701,-1.709,7.935
-0.502,-0.648,-0.884,-47.363,-6.531,7.996
-0.468,-0.62,-0.966,-50.598,-10.925,6.958
-0.437,-0.606,-1.057,-53.955,-14.954,4.7
-0.401,-0.584,-1.134,-59.326,-18.25,1.465
-0.378,-0.558,-1.198,-68.787,-21.24,-0.671
-0.369,-0.547,-1.234,-81.726,-25.757,-1.038
-0.359,-0.521,-1.239,-97.534,-29.48,0.244
-0.36,-0.485,-1.213,-113.892,-30.884,1.282
-0.356,-0.448,-1.172,-126.953,-30.396,2.686
-0.34,-0.434,-1.143,-136.047,-28.442,4.822
-0.32,-0.443,-1.133,-143.188,-24.414,6.287
-0.307,-0.438,-1.113,-151.428,-21.545,6.958
-0.303,-0.421,-1.08,-161.072,-19.043,7.08
-0.315,-0.412,-1.048,-170.959,-13.428,9.277
-0.318,-0.405,-1.022,-181.946,-5.676,15.686
-0.304,-0.393,-0.985,-194.275,5.066,22.339
-0.272,-0.392,-0.931,-210.815,17.334,30.945
-0.239,-0.369,-0.869,-228.516,28.503,41.321
-0.187,-0.336,-0.768,-246.033,39.429,50.049
-0.101,-0.299,-0.619,-260.681,49.011,56.458
-0.012,-0.282,-0.464,-268.738,52.185,59.692
0.056,-0.287,-0.322,-269.47,45.898,56.396
0.093,-0.301,-0.235,-265.442,34.18,47.119
0.072,-0.294,-0.205,-260.986,23.193,33.63
0.006,-0.305,-0.216,-263.672,16.052,23.621
-0.067,-0.322,-0.231,-277.832,11.23,23.132
-0.126,-0.318,-0.203,-303.589,14.648,30.884
-0.142,-0.296,-0.151,-332.642,31.982,41.748
-0.136,-0.233,-0.065,-358.582,56.458,53.406
-0.089,-0.173,0.054,-383.484,80.872,64.148
-0.012,-0.139,0.228,-403.87,99.792,71.289
0.061,-0.092,0.515,-410.645,108.337,73.364
0.118,-0.094,0.728,-392.151,107.788,67.139
0.127,-0.159,0.772,-356.262,98.267,53.04
0.121,-0.176,0.787,-329.651,79.834,38.269
0.088,-0.121,0.839,-318.42,52.917,27.405
0.001,-0.108,0.879,-313.11,20.081,21.851
-0.145,-0.116,0.945,-314.087,-11.169,20.63
-0.226,-0.036,1.043,-330.383,-19.714,26.062
-0.261,0.028,1.168,-346.863,-6.897,35.461
-0.266,0.077,1.325,-356.384,22.156,43.945
-0.219,0.088,1.579,-357.178,61.34,52.124
-0.098,0.101,1.933,-339.05,99.67,61.34
0.044,0.03,2.126,-288.269,127.38,64.819
0.163,-0.076,2.128,-221.13,135.315,56.396
0.255,-0.134,2.02,-166.87,119.446,43.274
0.269,-0.195,1.949,-134.644,80.933,30.823
0.23,-0.17,1.922,-121.46,32.227,23.132
0.173,-0.176,1.958,-118.53,-12.573,21.729
0.136,-0.196,2.006,-113.77,-38.757,20.386
0.11,-0.21,2.042,-101.257,-41.26,16.174
0.098,-0.234,2.031,-77.393,-29.724,10.254
0.116,-0.269,1.932,-46.875,-15.564,4.822
0.121,-0.312,1.759,-16.113,-11.414,-1.953
0.096,-0.344,1.59,7.019,-24.475,-10.193
0.049,-0.363,1.425,23.743,-46.082,-17.761
-0.006,-0.38,1.251,37.659,-66.65,-24.048
-0.066,-0.374,1.067,46.57,-80.139,-28.259
-0.115,-0.369,0.893,49.561,-82.458,-29.297
-0.142,-0.377,0.749,46.387,-73.853,-25.879
-0.15,-0.355,0.638,38.086,-56.335,-20.813
-0.148,-0.351,0.574,28.381,-36.377,-15.869
-0.13,-0.357,0.563,17.944,-19.287,-11.047
-0.116,-0.355,0.586,8.423,-6.714,-7.751
-0.106,-0.346,0.636,1.16,1.892,-6.592
-0.097,-0.344,0.697,-3.845,6.592,-6.897
-0.093,-0.344,0.761,-7.019,7.324,-7.568
-0.104,-0.34,0.816,-8.423,5.92,-8.24
-0.115,-0.345,0.856,-8.667,4.211,-8.789
-0.131,-0.356,0.886,-8.545,1.404,-8.85
-0.155,-0.36,0.918,-9.033,-1.221,-8.728
-0.177,-0.369,0.944,-9.399,-2.197,-8.057
-0.186,-0.354,0.968,-9.46,0,-6.47
-0.191,-0.354,0.986,-8.423,3.174,-5.249
-0.187,-0.352,1,-6.165,5.31,-4.517
-0.18,-0.344,0.999,-3.357,5.249,-4.15
-0.166,-0.343,0.986,-0.732,3.662,-3.967
-0.152,-0.344,0.97,1.404,0.488,-3.784
-0.14,-0.342,0.951,2.991,-2.014,-3.906
-0.133,-0.336,0.93,3.784,-2.319,-3.784
-0.126,-0.336,0.915,3.967,-2.258,-3.601
-0.127,-0.335,0.907,3.418,-2.808,-3.601
-0.128,-0.336,0.901,2.808,-2.869,-3.54
-0.13,-0.337,0.896,2.441,-1.831,-3.662
-0.129,-0.341,0.892,2.686,-0.854,-3.662
-0.133,-0.341,0.886,2.747,-0.305,-3.906
-0.138,-0.34,0.88,2.319,-0.061,-4.089
-0.138,-0.345,0.875,1.648,0.183,-3.967
-0.137,-0.35,0.868,0.977,0.61,-3.723
-0.143,-0.352,0.86,0.854,0.549,-3.845
-0.151,-0.345,0.864,0.427,0.732,-4.028
-0.156,-0.344,0.871,-0.488,1.831,-3.601
-0.157,-0.345,0.875,-1.526,3.601,-2.808
-0.157,-0.343,0.883,-2.441,4.883,-2.075
-0.384,0.276,-2.498,324.158,-171.875,-73.303
-0.383,0.154,-2.842,284.302,-185.547,-72.449
-0.401,-0.017,-3.058,224.06,-184.021,-64.697
-0.402,-0.146,-3.066,151.978,-158.813,-47.18
-0.342,-0.231,-2.917,78.735,-107.91,-20.813
-0.202,-0.284,-2.665,15.259,-47.607,11.047
-0.035,-0.326,-2.376,-33.386,3.052,41.87
0.12,-0.396,-2.091,-68.115,36.682,61.646
0.249,-0.489,-1.86,-93.079,56.824,65.308
0.305,-0.565,-1.634,-114.197,62.195,59.204
0.314,-0.597,-1.398,-133.728,58.044,48.462
0.266,-0.617,-1.161,-148.437,51.27,37.109
0.203,-0.622,-0.967,-155.945,43.884,27.1
0.145,-0.639,-0.832,-156.555,36.743,17.639
0.082,-0.661,-0.788,-153.076,32.593,10.01
0.028,-0.679,-0.781,-150.513,28.442,4.578
-0.024,-0.686,-0.772,-152.71,25.085,-0.244
-0.073,-0.657,-0.727,-160.583,22.522,-4.089
-0.132,-0.592,-0.662,-171.387,22.644,-7.141
-0.201,-0.587,-0.615,-181.824,29.236,-10.254
-0.267,-0.588,-0.585,-186.401,37.72,-9.949
-0.324,-0.547,-0.534,-188.843,44.739,-8.057
-0.369,-0.533,-0.484,-187.378,52.979,-7.08
-0.38,-0.557,-0.442,-181.519,64.209,-5.371
-0.364,-0.518,-0.414,-174.011,76.111,-3.54
-0.353,-0.518,-0.393,-166.992,86.67,-1.343
-0.315,-0.489,-0.411,-162.964,89.05,3.906
-0.278,-0.488,-0.438,-169.617,80.017,10.864
-0.231,-0.484,-0.414,-188.599,60.913,18.311
-0.193,-0.472,-0.331,-213.135,43.823,23.315
-0.171,-0.436,-0.217,-233.337,35.461,25.208
-0.159,-0.404,-0.053,-246.155,37.231,26.001
-0.137,-0.392,0.127,-245.911,47.546,26.611
-0.102,-0.384,0.257,-232.422,65.796,25.757
-0.086,-0.39,0.31,-212.219,86.182,21.973
-0.062,-0.404,0.345,-198.975,96.619,19.775
-0.033,-0.446,0.385,-199.585,90.881,21.606
-0.052,-0.467,0.458,-211.853,70.74,24.597
-0.094,-0.471,0.494,-228.394,48.462,25.574
-0.139,-0.49,0.592,-247.498,35.156,28.381
-0.155,-0.466,0.758,-263.489,36.987,33.997
-0.173,-0.459,0.931,-265.503,49.316,38.147
-0.148,-0.493,1.064,-251.953,66.345,42.297
-0.087,-0.535,1.126,-228.943,77.881,44.128
-0.048,-0.574,1.102,-204.529,78.735,39.185
-0.035,-0.61,1.038,-185.669,66.895,31.189
-0.044,-0.666,1,-176.941,46.936,26.428
-0.083,-0.734,1.018,-179.565,29.48,25.085
-0.046,-0.704,1.002,-188.049,29.541,28.198
-0.048,-0.763,0.985,-188.11,34.363,30.579
-0.005,-0.732,0.942,-189.575,40.649,32.043
0.005,-0.676,0.917,-192.139,40.283,32.227
-0.007,-0.623,0.936,-193.298,35.034,28.32
-0.018,-0.556,0.978,-191.772,32.837,24.231
-0.022,-0.501,1.037,-184.875,34.668,20.508
-0.018,-0.463,1.094,-172.913,40.527,17.029
0.016,-0.43,1.084,-155.701,47.546,14.404
0.008,-0.493,1.074,-138.306,49.377,11.719
0.056,-0.498,1.062,-129.944,49.927,10.132
0.099,-0.468,1.057,-127.441,48.462,9.888
0.096,-0.466,1.049,-123.108,38.879,5.615
0.07,-0.445,1.058,-123.169,27.1,1.892
0.048,-0.423,1.111,-126.343,17.09,1.526
0.041,-0.401,1.17,-127.747,9.766,2.808
0.027,-0.387,1.214,-123.779,4.578,2.197
0.006,-0.374,1.25,-115.417,1.892,-0.793
-0.013,-0.358,1.27,-105.286,2.625,-3.601
-0.021,-0.35,1.266,-93.628,6.775,-5.066
-0.018,-0.348,1.244,-81.787,11.719,-6.042
-0.01,-0.34,1.219,-72.021,15.076,-6.47
0.002,-0.337,1.209,-64.941,15.442,-6.897
0.005,-0.338,1.2,-58.716,12.451,-7.446
-0.001,-0.33,1.197,-52.979,4.944,-8.24
-0.014,-0.33,1.203,-47.974,-4.883,-8.179
-0.029,-0.337,1.194,-41.87,-13.428,-7.568
-0.047,-0.338,1.162,-34.729,-19.47,-7.141
-0.061,-0.339,1.131,-28.381,-22.461,-7.08
-0.067,-0.338,1.109,-23.865,-23.071,-6.409
-0.07,-0.339,1.088,-19.043,-20.752,-6.226
-0.072,-0.34,1.056,-13.672,-17.334,-6.958
-0.075,-0.337,1.023,-9.338,-14.893,-7.751
-0.09,-0.329,0.994,-6.653,-14.282,-8.606
-0.103,-0.321,0.966,-5.31,-12.817,-8.728
-0.109,-0.317,0.95,-4.883,-10.864,-7.69
-0.109,-0.315,0.947,-5.31,-9.583,-6.409
-0.107,-0.318,0.938,-4.7,-8.118,-5.615
-0.105,-0.315,0.923,-3.235,-7.385,-5.188
-0.109,-0.312,0.913,-2.136,-8.545,-4.944
-0.109,-0.311,0.907,-1.892,-10.254,-4.578
-0.116,-0.303,0.904,-2.197,-10.803,-4.578
-0.127,-0.297,0.908,-2.625,-9.277,-4.639
-0.134,-0.292,0.922,-2.991,-6.287,-4.333
-0.133,-0.29,0.931,-2.869,-2.747,-3.54
-0.131,-0.29,0.939,-2.197,-0.061,-2.502
-0.131,-0.291,0.949,-2.014,0.488,-1.77
-0.128,-0.295,0.963,-1.831,1.709,-0.854
-0.123,-0.305,0.972,-0.732,3.662,0.122
-0.118,-0.312,0.97,1.038,4.883,0.427
-0.112,-0.319,0.96,2.991,4.333,0.122
-0.109,-0.322,0.949,4.944,2.319,-0.122
-0.109,-0.325,0.93,6.592,-0.122,-0.366
-0.107,-0.326,0.91,7.263,-1.404,0
-0.107,-0.327,0.894,7.263,-1.831,0.244
-0.108,-0.325,0.884,6.714,-1.587,0.427
-0.108,-0.329,0.878,5.127,-0.793,0.549
-0.109,-0.329,0.873,4.272,-1.16,0.732
-0.115,-0.324,0.867,3.296,-1.404,0.671
-0.117,-0.323,0.87,2.014,-0.977,1.465
-0.112,-0.324,0.878,0.793,0.183,2.502
-0.105,-0.325,0.888,0,1.221,3.113
-0.101,-0.324,0.894,-1.038,2.869,3.235
-0.097,-0.327,0.903,-1.404,4.578,3.174
-0.089,-0.33,0.909,-1.16,5.188,2.808
-0.087,-0.332,0.918,-1.465,5.371,2.136
-0.088,-0.333,0.922,-0.854,4.517,1.16
-0.09,-0.333,0.924,0.061,3.052,0.549
-0.096,-0.333,0.925,0.427,1.343,0.183
-0.105,-0.334,0.925,0.977,0.061,-0.061
-0.112,-0.333,0.922,1.77,-1.526,0.061
-0.446,1.194,-1.545,533.813,-279.48,-168.274
-0.571,1.16,-1.974,544.25,-252.747,-136.414
-0.567,1.184,-2.532,536.377,-211.487,-112.122
-0.541,0.974,-3.122,493.408,-175.842,-91.553
-0.502,0.733,-3.605,411.743,-146.973,-82.397
-0.533,0.575,-3.835,302.612,-120.483,-84.839
-0.539,0.55,-3.694,187.988,-104.553,-83.618
-0.501,0.538,-3.41,85.083,-92.59,-63.965
-0.469,0.412,-3.07,6.287,-75.867,-32.776
-0.383,0.241,-2.716,-50.415,-43.945,3.052
-0.267,0.022,-2.339,-90.82,0.854,39.795
-0.12,-0.166,-1.974,-122.375,46.753,72.998
0.014,-0.343,-1.621,-146.912,83.13,95.581
0.105,-0.503,-1.255,-165.771,106.812,104.919
0.148,-0.584,-0.919,-179.077,119.263,103.943
0.146,-0.619,-0.665,-184.57,121.887,96.191
0.095,-0.67,-0.5,-182.861,112,85.571
0.003,-0.697,-0.404,-176.758,89.844,74.829
-0.061,-0.711,-0.391,-165.894,69.519,59.326
-0.105,-0.749,-0.42,-153.381,47.058,43.213
-0.152,-0.731,-0.504,-140.991,27.832,34.058
-0.184,-0.726,-0.609,-131.897,12.756,25.94
-0.208,-0.718,-0.706,-126.648,2.686,17.639
-0.25,-0.693,-0.8,-124.695,-1.709,9.949
-0.29,-0.661,-0.877,-127.075,-1.953,4.944
-0.318,-0.622,-0.931,-134.46,0.183,4.883
-0.345,-0.586,-0.965,-146.057,2.319,7.202
-0.37,-0.559,-0.968,-160.767,3.54,8.484
-0.396,-0.527,-0.939,-176.636,4.883,9.277
-0.413,-0.498,-0.878,-190.796,7.751,10.62
-0.412,-0.478,-0.798,-199.829,12.451,13.123
-0.387,-0.476,-0.731,-203.735,18.616,17.273
-0.341,-0.467,-0.683,-205.139,24.414,21.545
-0.295,-0.471,-0.652,-208.191,28.687,24.963
-0.243,-0.474,-0.631,-213.806,31.494,27.283
-0.188,-0.465,-0.606,-221.924,34.546,30.701
-0.153,-0.45,-0.58,-232.178,40.1,33.569
-0.121,-0.44,-0.536,-245.789,48.096,39.307
-0.075,-0.427,-0.469,-264.221,58.96,47.546
-0.017,-0.408,-0.392,-284.973,74.036,55.298
0.056,-0.384,-0.287,-304.565,89.905,61.218
0.148,-0.349,-0.106,-321.96,99.731,63.293
0.22,-0.302,0.156,-331.543,97.656,59.021
0.237,-0.294,0.36,-323.547,82.947,47.058
0.219,-0.297,0.464,-304.626,59.937,31.494
0.173,-0.306,0.49,-283.691,33.02,13.184
0.099,-0.304,0.486,-270.874,3.418,-2.441
-0.034,-0.252,0.486,-266.724,-21.973,-11.169
-0.186,-0.197,0.504,-272.522,-33.997,-12.024
-0.246,-0.164,0.566,-289.673,-21.851,-2.441
-0.243,-0.149,0.631,-306.763,12.634,11.414
-0.21,-0.161,0.681,-315.552,49.194,22.705
-0.183,-0.158,0.755,-318.604,71.472,29.297
-0.152,-0.145,0.883,-321.411,82.336,31.067
-0.098,-0.151,1.068,-317.627,89.783,30.273
-0.009,-0.152,1.277,-297.119,93.262,29.114
0.057,-0.212,1.375,-256.409,83.191,24.841
0.086,-0.3,1.326,-209.534,58.838,13.245
0.045,-0.312,1.225,-176.331,29.48,-1.282
-0.091,-0.222,1.127,-160.95,5.737,-11.353
-0.207,-0.172,1.121,-163.086,-4.7,-6.836
-0.252,-0.138,1.198,-180.115,0.122,9.827
-0.261,-0.13,1.321,-198.73,17.212,23.987
-0.249,-0.135,1.451,-207.764,40.588,30.762
-0.211,-0.144,1.615,-205.078,65.125,32.898
-0.15,-0.165,1.766,-185.303,87.952,33.997
-0.071,-0.227,1.786,-147.278,104.248,32.776
0.006,-0.279,1.697,-107.91,105.408,27.466
0.066,-0.295,1.615,-83.557,88.074,19.104
0.069,-0.284,1.564,-71.167,58.96,10.681
0.05,-0.271,1.541,-66.833,30.579,7.935
0.045,-0.272,1.554,-66.711,9.521,12.329
0.063,-0.276,1.585,-67.505,-1.038,16.479
0.082,-0.258,1.596,-63.721,-1.831,16.418
0.064,-0.285,1.57,-52.551,0.977,12.573
0.062,-0.342,1.528,-38.574,4.456,8.057
0.091,-0.314,1.479,-26.917,10.193,5.188
0.091,-0.325,1.408,-12.207,8.85,-0.305
0.069,-0.332,1.32,2.014,-1.77,-6.165
0.043,-0.333,1.23,12.268,-14.954,-11.353
0.011,-0.334,1.132,19.226,-27.71,-14.893
-0.015,-0.342,1.025,23.132,-39.368,-16.479
-0.042,-0.334,0.915,24.475,-46.509,-16.541
-0.075,-0.325,0.817,23.254,-48.096,-15.503
-0.099,-0.318,0.75,19.287,-43.64,-13.184
-0.112,-0.317,0.717,13.306,-34.363,-10.62
-0.118,-0.313,0.709,8.484,-21.912,-8.362
-0.121,-0.306,0.716,4.639,-9.277,-6.714
-0.12,-0.301,0.729,2.014,2.014,-5.92
-0.115,-0.302,0.754,-0.244,9.644,-5.371
-0.112,-0.305,0.797,-2.93,11.292,-4.639
-0.11,-0.305,0.841,-4.7,8.179,-4.272
-0.112,-0.305,0.886,-6.348,4.089,-3.906
-0.117,-0.305,0.915,-7.507,1.099,-3.296
-0.121,-0.304,0.933,-7.446,-0.977,-2.075
-0.125,-0.304,0.944,-7.019,-1.77,-1.038
-0.122,-0.302,0.955,-6.653,-1.709,-0.122
-0.118,-0.298,0.966,-6.042,-0.366,0.244
-0.113,-0.292,0.976,-4.822,1.526,0.549
-0.108,-0.292,0.974,-3.113,3.967,0.977
-0.102,-0.299,0.968,-1.16,4.333,0.916
-0.096,-0.3,0.962,-0.305,3.723,0.793
-0.089,-0.302,0.958,0.305,2.502,0.854
-0.083,-0.306,0.953,0.793,1.648,0.854
-0.075,-0.308,0.947,1.343,0.61,0.793
-0.073,-0.306,0.94,1.526,-1.221,0.244
-0.077,-0.302,0.932,2.441,-3.418,-0.671
-0.078,-0.297,0.925,3.052,-4.272,-1.221
-0.08,-0.298,0.916,3.54,-3.235,-1.282
-0.079,-0.3,0.906,3.357,-1.282,-1.343
-0.08,-0.303,0.895,3.052,0.427,-1.465
-0.085,-0.306,0.881,3.052,0.916,-1.709
-0.091,-0.305,0.87,2.319,0.183,-2.197
-0.102,-0.306,0.86,1.038,0.488,-2.014
-0.103,-0.304,0.861,-0.427,1.892,-0.977
-0.101,-0.305,0.864,-1.587,3.662,0
-0.099,-0.305,0.876,-2.441,5.188,0.366
-0.098,-0.303,0.893,-3.296,5.371,0.732
-0.098,-0.302,0.909,-3.479,5.615,0.732
-0.53,0.328,-2.229,455.017,-146.79,-75.256
-0.582,0.343,-2.443,404.175,-96.985,-61.035
-0.577,0.338,-2.602,353.699,-61.829,-50.293
-0.532,0.281,-2.73,297.852,-56.885,-37.842
-0.468,0.178,-2.763,234.253,-70.496,-26.123
-0.396,0.108,-2.698,165.344,-77.271,-14.404
-0.298,0.02,-2.582,98.511,-65.552,-0.122
-0.21,-0.189,-2.395,39.063,-42.969,16.418
-0.049,-0.296,-2.145,-13.428,-19.714,34.424
0.097,-0.384,-1.887,-57.312,0.183,49.5
0.205,-0.494,-1.641,-91.736,17.7,57.434
0.271,-0.604,-1.391,-119.751,33.264,59.631
0.298,-0.673,-1.116,-142.334,45.471,57.861
0.28,-0.713,-0.848,-156.738,53.406,53.101
0.23,-0.773,-0.646,-159.302,57.068,44.556
0.16,-0.796,-0.534,-156.86,56.396,38.452
0.083,-0.815,-0.511,-148.254,52.063,32.532
0.029,-0.836,-0.551,-138.245,45.105,22.644
-0.018,-0.847,-0.622,-132.69,34.302,12.512
-0.068,-0.834,-0.702,-131.958,22.766,4.15
-0.118,-0.808,-0.776,-135.742,10.376,-0.732
-0.157,-0.786,-0.839,-142.029,0.183,-3.784
-0.189,-0.755,-0.879,-150.146,-5.554,-4.822
-0.218,-0.722,-0.893,-159.729,-5.127,-5.127
-0.232,-0.688,-0.889,-169.25,1.648,-4.456
-0.226,-0.661,-0.881,-177.49,13.794,-2.136
-0.202,-0.641,-0.86,-185.12,26.978,0.732
-0.16,-0.615,-0.827,-192.505,36.621,2.075
-0.117,-0.594,-0.792,-199.402,40.894,0.854
-0.078,-0.577,-0.766,-207.336,40.283,-2.319
-0.042,-0.553,-0.728,-217.896,34.424,-5.127
-0.017,-0.525,-0.68,-230.225,26.001,-8.423
-0.009,-0.497,-0.619,-243.408,17.334,-12.024
-0.016,-0.466,-0.53,-256.287,9.521,-14.221
-0.037,-0.422,-0.417,-266.235,7.629,-15.747
-0.072,-0.382,-0.274,-270.508,16.357,-16.968
-0.089,-0.344,-0.127,-267.883,34.546,-16.113
-0.097,-0.332,-0.009,-259.216,58.228,-14.221
-0.083,-0.328,0.074,-247.437,79.102,-15.076
-0.086,-0.331,0.151,-238.159,88.806,-19.775
-0.105,-0.323,0.236,-237.122,83.923,-25.452
-0.148,-0.3,0.313,-242.737,68.726,-28.198
-0.218,-0.273,0.36,-250.427,47.729,-27.771
-0.315,-0.238,0.417,-261.353,24.78,-22.705
-0.38,-0.24,0.527,-278.564,6.47,-10.071
-0.394,-0.198,0.643,-295.288,5.066,2.869
-0.408,-0.197,0.768,-305.969,20.813,12.695
-0.39,-0.167,0.902,-307.8,40.71,23.071
-0.35,-0.161,0.999,-298.889,64.026,33.875
-0.271,-0.178,1.054,-289.978,88.135,44.312
-0.187,-0.192,1.1,-286.804,107.666,52.185
-0.099,-0.182,1.137,-285.828,120.422,56.641
-0.005,-0.183,1.151,-283.386,122.742,60.486
0.07,-0.19,1.163,-278.381,112.122,62.683
0.114,-0.183,1.2,-271.179,90.637,60.12
0.122,-0.177,1.205,-257.141,62.378,53.955
0.071,-0.131,1.196,-238.342,30.151,43.823
0.003,-0.051,1.268,-223.999,6.653,35.278
-0.045,-0.005,1.389,-211.426,4.883,32.471
-0.063,-0.024,1.502,-194.641,23.56,32.166
-0.049,-0.063,1.637,-181.824,52.551,30.884
0.03,-0.07,1.753,-175.842,84.778,29.175
0.083,-0.104,1.831,-160.889,98.083,27.771
0.083,-0.161,1.883,-135.62,81.848,21.667
0.057,-0.198,1.914,-109.802,51.025,13.306
0.053,-0.218,1.835,-79.102,16.846,5.188
0.034,-0.211,1.688,-48.462,-21.301,-2.258
-0.005,-0.194,1.519,-26.001,-58.044,-7.874
-0.047,-0.206,1.37,-13.977,-83.069,-9.949
-0.091,-0.208,1.261,-12.939,-92.651,-8.118
-0.125,-0.207,1.206,-16.846,-85.693,-4.822
-0.129,-0.212,1.18,-19.47,-63.599,-2.319
-0.11,-0.225,1.156,-18.066,-35.4,-0.122
-0.086,-0.247,1.121,-12.268,-12.939,-0.122
-0.059,-0.269,1.089,-6.042,-3.906,-0.854
-0.042,-0.289,1.062,-0.671,-5.92,-1.953
-0.039,-0.3,1.027,3.174,-12.634,-3.174
-0.039,-0.3,0.999,4.578,-18.799,-3.296
-0.033,-0.305,0.975,2.991,-21.912,-1.343
-0.035,-0.305,0.958,0.183,-21.301,0.549
-0.038,-0.299,0.946,-3.052,-17.517,2.014
-0.027,-0.297,0.944,-5.188,-11.78,3.113
-0.013,-0.288,0.943,-6.042,-5.249,3.113
-0.006,-0.278,0.94,-5.249,1.465,1.526
-0.005,-0.267,0.933,-3.235,5.554,-1.404
-0.017,-0.263,0.936,-1.648,5.432,-4.028
-0.035,-0.26,0.937,-0.671,3.54,-4.944
-0.051,-0.261,0.932,-0.122,1.587,-5.676
-0.073,-0.255,0.935,-0.122,-0.549,-6.653
-0.093,-0.247,0.945,-1.16,-0.916,-6.836
-0.11,-0.246,0.952,-1.587,0.183,-6.287
-0.126,-0.244,0.958,-0.854,1.77,-5.92
-0.141,-0.243,0.965,-0.305,3.662,-6.47
-0.151,-0.238,0.972,-0.122,5.127,-6.714
-0.157,-0.236,0.977,0.549,5.798,-6.226
-0.158,-0.235,0.978,1.16,5.798,-5.798
-0.161,-0.234,0.975,1.465,5.432,-5.005
-0.157,-0.238,0.966,1.77,5.188,-4.211
-0.152,-0.246,0.954,2.563,3.967,-3.845
-0.149,-0.247,0.937,3.418,2.258,-3.967
-0.149,-0.245,0.925,3.967,0.488,-4.089
-0.148,-0.248,0.917,4.211,0.183,-4.15
-0.143,-0.252,0.909,4.517,0.549,-3.967
-0.142,-0.251,0.897,5.188,1.648,-3.662
-0.137,-0.253,0.887,5.31,3.113,-3.113
-0.13,-0.253,0.894,3.479,4.211,-2.258
-0.128,-0.253,0.905,1.648,4.456,-1.953
-0.129,-0.254,0.911,1.404,4.883,-2.014
-0.132,-0.252,0.911,1.648,4.822,-1.709
-0.133,-0.251,0.912,1.709,5.127,-1.648
-0.133,-0.251,0.915,1.648,6.409,-1.282
-0.13,-0.252,0.918,1.77,8.057,-0.977
-0.127,-0.255,0.919,1.709,9.827,-0.427
-0.121,-0.257,0.921,1.404,11.414,0.183
-0.116,-0.263,0.926,0.854,11.23,0.427
-0.114,-0.264,0.929,0.732,9.033,0.427
-0.113,-0.264,0.927,0.916,7.019,0.122
-0.11,-0.266,0.922,1.404,6.042,0.122
-0.105,-0.266,0.921,0.916,5.981,0.427
-0.618,1.905,-2.216,684.326,-136.963,-113.281
-0.407,1.738,-2.99,663.696,-166.138,-83.069
0.134,1.801,-3.874,582.092,-215.942,-57.129
0.192,0.881,-4,461.487,-234.741,-75.378
0.268,0.533,-4,322.815,-221.802,-118.958
0.355,0.626,-4,148.926,-219.36,-114.014
0.276,0.429,-3.954,11.475,-199.158,-88.257
0.168,0.24,-3.177,-82.214,-125.61,-47.852
0.149,-0.026,-2.338,-138.672,-19.043,4.822
0.236,-0.226,-1.614,-166.992,83.374,61.646
0.325,-0.425,-1.091,-172.913,153.076,98.267
0.289,-0.641,-0.668,-166.687,185.303,104.004
0.158,-0.785,-0.304,-156.372,189.27,88.379
-0.032,-0.871,-0.068,-143.005,175.049,71.411
-0.191,-0.903,0.022,-130.554,150.024,64.392
-0.319,-0.889,-0.046,-114.807,126.77,62.744
-0.361,-0.884,-0.221,-94.91,112.122,56.396
-0.391,-0.873,-0.411,-80.261,94.238,51.025
-0.395,-0.825,-0.578,-72.876,73.608,47.852
-0.394,-0.752,-0.727,-70.374,54.871,45.593
-0.375,-0.708,-0.899,-68.909,42.48,44.495
-0.326,-0.68,-1.061,-72.571,34.241,44.8
-0.255,-0.651,-1.184,-82.825,28.015,46.082
-0.19,-0.642,-1.265,-97.351,25.146,45.898
-0.117,-0.614,-1.294,-116.028,25.696,46.265
-0.055,-0.568,-1.267,-137.024,27.405,47.058
-0.006,-0.515,-1.224,-153.625,29.602,45.898
0.013,-0.49,-1.159,-164.001,32.776,41.199
0.015,-0.456,-1.105,-170.349,34.851,35.461
0.009,-0.453,-1.077,-173.584,36.56,28.87
-0.007,-0.46,-1.061,-179.443,37.17,22.827
-0.027,-0.461,-1.039,-192.078,35.4,20.264
-0.039,-0.475,-1,-210.754,33.325,20.508
-0.031,-0.477,-0.934,-232.483,32.593,21.973
-0.036,-0.475,-0.861,-253.357,34.912,23.071
-0.05,-0.458,-0.784,-272.949,38.757,23.865
-0.056,-0.445,-0.668,-289.734,43.03,24.292
-0.057,-0.412,-0.516,-301.025,49.011,23.804
-0.068,-0.389,-0.342,-303.162,56.702,22.705
-0.089,-0.391,-0.182,-296.143,65.002,21.362
-0.117,-0.402,-0.056,-283.813,70.251,18.982
-0.151,-0.425,0.032,-273.437,71.472,16.479
-0.17,-0.443,0.098,-269.714,66.711,15.442
-0.203,-0.447,0.129,-274.902,54.443,15.625
-0.236,-0.465,0.172,-287.476,33.508,16.663
-0.284,-0.419,0.247,-303.345,12.573,18.677
-0.329,-0.382,0.399,-310.791,3.906,17.395
-0.323,-0.327,0.573,-302.429,10.498,18.738
-0.302,-0.316,0.675,-278.076,26.672,22.522
-0.25,-0.322,0.74,-253.174,44.678,26.367
-0.194,-0.312,0.855,-240.356,59.57,30.823
-0.103,-0.303,0.922,-233.582,69.824,33.325
-0.037,-0.328,0.955,-230.103,62.073,36.255
0.014,-0.332,1.007,-235.657,31.128,39.429
0.013,-0.328,1.072,-239.136,-5.554,35.522
-0.031,-0.321,1.079,-230.225,-32.349,24.841
-0.081,-0.302,1.031,-213.623,-45.532,13.855
-0.126,-0.251,1,-198.303,-42.725,6.653
-0.163,-0.162,0.997,-187.378,-25.452,6.897
-0.131,-0.116,1.037,-183.228,4.272,15.808
-0.044,-0.099,1.143,-186.096,36.743,28.992
0.043,-0.113,1.278,-190.247,59.143,37.537
0.11,-0.146,1.435,-189.514,67.139,38.696
0.17,-0.2,1.549,-178.65,65.369,34.79
0.176,-0.288,1.567,-155.762,53.345,24.902
0.108,-0.355,1.526,-133.362,31.555,11.475
0.009,-0.374,1.498,-119.873,8.606,0.366
-0.07,-0.371,1.496,-112.427,-7.141,-3.479
-0.156,-0.367,1.49,-105.164,-13.184,-2.869
-0.218,-0.38,1.488,-98.267,-8.24,0.61
-0.22,-0.403,1.49,-91.492,3.479,6.042
-0.179,-0.43,1.469,-80.75,17.029,9.644
-0.124,-0.452,1.407,-65.674,25.696,10.498
-0.076,-0.468,1.331,-50.903,23.987,8.423
-0.05,-0.47,1.265,-39.856,11.658,4.578
-0.05,-0.46,1.214,-31.921,-4.578,0.061
-0.072,-0.439,1.165,-26.001,-19.958,-3.418
-0.101,-0.418,1.115,-21.973,-29.602,-4.639
-0.122,-0.428,1.081,-19.836,-32.349,-3.662
-0.119,-0.442,1.071,-20.203,-26.184,-0.305
-0.096,-0.448,1.057,-19.653,-12.451,3.479
-0.062,-0.458,1.032,-16.113,1.038,5.371
-0.032,-0.459,1.002,-12.451,7.874,5.92
-0.017,-0.454,0.981,-9.949,6.592,4.822
-0.014,-0.445,0.954,-7.202,2.808,2.258
-0.02,-0.432,0.907,-3.54,1.16,-0.183
-0.025,-0.423,0.867,-2.075,0.977,-1.343
-0.031,-0.409,0.861,-4.761,1.282,-1.221
-0.035,-0.399,0.866,-7.385,1.587,-0.671
-0.046,-0.39,0.878,-8.911,2.502,-0.61
-0.055,-0.381,0.9,-9.583,3.906,-0.793
-0.067,-0.377,0.918,-9.155,7.08,-1.221
-0.077,-0.373,0.925,-7.202,9.644,-2.38
-0.082,-0.372,0.935,-5.493,10.681,-3.174
-0.085,-0.372,0.949,-4.089,8.545,-3.662
-0.092,-0.371,0.966,-3.418,4.517,-4.028
-0.104,-0.37,0.967,-2.014,1.16,-4.822
-0.119,-0.368,0.96,-0.549,-1.038,-5.188
-0.126,-0.372,0.944,0.366,-1.16,-4.944
-0.132,-0.374,0.926,1.465,-0.061,-4.333
-0.135,-0.374,0.912,1.953,0.061,-4.15
-0.137,-0.377,0.9,2.686,-0.793,-4.15
-0.14,-0.378,0.887,2.686,-1.526,-3.967
-0.143,-0.378,0.872,3.052,-1.16,-3.906
-0.144,-0.373,0.858,2.686,0.366,-3.479
-0.137,-0.374,0.848,1.526,2.563,-2.747
-0.129,-0.374,0.853,0.183,3.784,-1.282
-0.123,-0.374,0.863,-0.793,4.395,-0.488
-0.118,-0.373,0.873,-1.16,4.578,-0.488
-0.11,-0.373,0.885,-0.671,4.028,-0.61
-0.105,-0.375,0.889,0.061,3.54,-0.61
-0.099,-0.376,0.888,0.305,3.418,-0.488
-0.098,-0.376,0.886,0,2.075,-0.427
-0.1,-0.374,0.885,0.122,0.671,-0.671
-0.101,-0.373,0.882,0.061,0.732,-0.366
-0.106,-0.374,0.873,0.244,1.343,-0.061
-0.105,-0.376,0.871,-0.183,0.732,0.244
-0.103,-0.376,0.876,-0.793,0.427,0.549
-0.102,-0.377,0.88,-0.854,0.61,0.671
-0.534,0.218,-2.242,312.683,-90.088,-88.684
-0.692,0.24,-2.365,279.358,-69.58,-80.383
-0.751,0.283,-2.532,249.512,-55.725,-67.688
-0.735,0.209,-2.718,220.398,-54.504,-54.321
-0.674,0.089,-2.819,175.842,-58.533,-38.391
-0.578,-0.038,-2.762,115.601,-58.167,-18.616
-0.432,-0.147,-2.555,51.514,-49.5,4.028
-0.24,-0.226,-2.297,-1.831,-31.067,24.048
-0.073,-0.346,-2.038,-39.795,-10.986,38.879
0.08,-0.464,-1.789,-69.763,2.014,48.523
0.204,-0.553,-1.537,-95.825,11.475,53.345
0.286,-0.622,-1.288,-116.211,19.897,53.223
0.313,-0.656,-1.046,-127.991,28.992,47.974
0.303,-0.68,-0.874,-130.31,37.72,39.307
0.251,-0.709,-0.805,-126.953,42.175,29.785
0.165,-0.721,-0.793,-124.023,40.039,20.142
0.055,-0.706,-0.798,-124.634,35.095,11.719
-0.053,-0.681,-0.803,-128.113,32.837,6.226
-0.128,-0.653,-0.809,-133.789,36.072,5.981
-0.179,-0.633,-0.812,-141.663,45.288,9.277
-0.205,-0.611,-0.788,-151.062,58.533,13.794
-0.2,-0.606,-0.735,-159.912,73.181,18.86
-0.17,-0.605,-0.653,-164.368,86.548,22.339
-0.146,-0.601,-0.561,-163.086,95.337,22.217
-0.13,-0.618,-0.496,-156.799,98.816,18.188
-0.136,-0.617,-0.461,-151.611,96.069,12.329
-0.166,-0.621,-0.448,-151.245,89.966,7.202
-0.214,-0.618,-0.44,-157.471,81.909,7.141
-0.25,-0.617,-0.399,-170.715,75.623,12.207
-0.28,-0.607,-0.323,-188.049,74.951,20.386
-0.3,-0.612,-0.255,-203.43,81.421,29.419
-0.298,-0.607,-0.159,-214.233,92.346,38.513
-0.251,-0.58,-0.001,-219.849,105.835,46.997
-0.172,-0.57,0.167,-214.844,116.089,52.246
-0.102,-0.594,0.241,-199.524,118.164,50.232
-0.051,-0.645,0.228,-182.129,106.567,42.664
-0.081,-0.632,0.234,-171.448,79.895,34.851
-0.105,-0.642,0.236,-179.199,55.664,31.799
-0.127,-0.669,0.245,-194.031,40.833,35.828
-0.123,-0.677,0.263,-211.426,33.203,43.884
-0.133,-0.666,0.292,-227.051,35.034,50.476
-0.1,-0.646,0.384,-239.807,43.701,57.19
-0.004,-0.618,0.543,-241.272,53.955,62.561
0.075,-0.634,0.623,-224.609,58.655,59.57
0.106,-0.633,0.621,-199.951,52.49,46.57
0.083,-0.662,0.567,-177.063,39.124,29.907
0.07,-0.624,0.532,-163.33,21.362,15.564
-0.015,-0.592,0.474,-156.006,8.301,6.592
-0.089,-0.604,0.392,-157.41,-1.953,4.395
-0.111,-0.581,0.38,-173.706,-9.033,11.475
-0.151,-0.52,0.399,-193.726,-10.315,19.775
-0.152,-0.496,0.434,-211.487,-5.066,28.931
-0.105,-0.457,0.55,-225.891,7.385,38.879
-0.022,-0.402,0.748,-231.018,26.917,45.227
0.044,-0.433,0.945,-219.482,46.204,46.265
0.126,-0.47,1.042,-200.012,60.486,41.26
0.19,-0.5,1.086,-180.786,61.462,31.189
0.192,-0.513,1.092,-163.208,46.448,17.273
0.085,-0.5,1.074,-149.963,24.048,5.066
-0.006,-0.503,1.082,-148.804,1.282,2.93
-0.077,-0.464,1.17,-159.302,-14.282,9.094
-0.154,-0.413,1.319,-165.955,-13.55,15.259
-0.163,-0.383,1.512,-161.377,4.456,23.987
-0.095,-0.4,1.638,-144.47,33.997,33.997
0.004,-0.455,1.674,-119.812,59.143,38.879
0.108,-0.5,1.662,-98.022,69.153,37.415
0.197,-0.551,1.635,-80.078,62.683,31.128
0.256,-0.589,1.571,-64.392,43.701,22.278
0.251,-0.608,1.487,-50.72,16.785,10.498
0.198,-0.599,1.391,-39.124,-9.949,-2.075
0.124,-0.572,1.286,-30.029,-31.555,-11.719
0.041,-0.537,1.175,-24.841,-46.875,-17.09
-0.019,-0.513,1.111,-23.315,-53.772,-16.479
-0.057,-0.491,1.078,-23.56,-47.485,-12.39
-0.074,-0.478,1.033,-19.226,-28.687,-7.629
-0.061,-0.484,0.971,-12.024,-6.897,-3.723
-0.037,-0.493,0.916,-6.714,7.141,-1.16
-0.022,-0.5,0.875,-3.845,10.132,-0.732
-0.02,-0.5,0.838,-1.892,7.507,-2.441
-0.024,-0.496,0.808,-1.038,4.333,-3.845
-0.033,-0.493,0.783,-2.197,0.732,-4.15
-0.041,-0.487,0.782,-5.859,-1.221,-3.784
-0.051,-0.479,0.796,-9.766,-1.953,-2.808
-0.052,-0.478,0.83,-13.55,-1.77,-0.61
-0.05,-0.473,0.883,-15.869,0.183,1.465
-0.046,-0.47,0.929,-15.259,4.7,2.38
-0.035,-0.474,0.954,-12.268,9.399,2.502
-0.03,-0.478,0.962,-8.057,10.559,1.526
-0.03,-0.479,0.968,-5.554,7.874,0.366
-0.027,-0.476,0.968,-3.967,4.395,-0.732
-0.029,-0.478,0.95,-1.343,0.61,-1.709
-0.035,-0.479,0.924,0.122,-2.686,-2.625
-0.042,-0.484,0.901,0.305,-6.104,-2.991
-0.052,-0.484,0.881,0.488,-8.24,-3.418
-0.059,-0.479,0.863,0.732,-8.667,-3.723
-0.068,-0.472,0.85,1.221,-7.141,-3.723
-0.075,-0.471,0.831,2.319,-3.906,-3.174
-0.075,-0.471,0.818,2.991,-0.427,-1.953
-0.072,-0.468,0.815,2.441,2.991,-0.671
-0.063,-0.467,0.814,1.587,5.066,0.244
-0.055,-0.47,0.815,0.732,5.188,0.854
-0.051,-0.467,0.825,-0.488,3.784,1.038
-0.045,-0.468,0.838,-1.892,2.686,1.343
-0.04,-0.468,0.848,-2.502,2.93,1.526
-0.032,-0.471,0.852,-2.625,2.625,1.465
-0.027,-0.474,0.855,-2.625,1.526,1.099
-0.027,-0.474,0.857,-2.38,0.244,0.366
-0.03,-0.474,0.859,-1.648,-0.244,-0.549
-0.038,-0.474,0.856,-1.465,-0.793,-1.16
-0.048,-0.472,0.855,-1.465,-2.136,-1.465
-0.058,-0.469,0.851,-1.831,-2.686,-1.221
-0.067,-0.468,0.839,-1.465,-1.831,-0.732
-0.072,-0.468,0.833,-1.526,-0.061,0.061
-0.07,-0.469,0.833,-2.075,2.319,1.282
-0.066,-0.467,0.84,-2.136,5.554,2.197
-0.056,-0.472,0.841,-2.014,7.874,2.93
-0.044,-0.473,0.843,-2.014,8.362,2.93
-0.039,-0.474,0.849,-2.319,7.141,2.441
-0.035,-0.474,0.852,-2.197,5.615,2.014
-0.044,0.778,-2.033,420.41,-112.061,-99.426
-0.232,0.755,-2.313,382.263,-138.55,-109.558
-0.318,0.878,-2.673,342.712,-155.945,-111.389
-0.409,0.762,-3.074,299.988,-176.636,-109.07
-0.478,0.635,-3.351,238.831,-188.293,-93.14
-0.465,0.5,-3.401,164.49,-165.771,-60.364
-0.343,0.386,-3.266,91.309,-112.732,-16.663
-0.094,0.263,-3.021,28.87,-52.734,27.222
0.175,0.103,-2.764,-18.188,-4.944,58.716
0.367,-0.105,-2.498,-58.044,22.461,73.669
0.503,-0.256,-2.142,-97.778,34.058,78.796
0.604,-0.345,-1.776,-129.883,42.725,78.613
0.636,-0.438,-1.47,-145.813,54.26,71.777
0.619,-0.536,-1.273,-151.184,64.514,59.326
0.559,-0.569,-1.141,-156.921,65.735,45.532
0.468,-0.567,-1.033,-162.781,57.312,30.884
0.35,-0.562,-0.971,-165.649,46.326,16.479
0.231,-0.554,-0.937,-165.771,38.147,3.418
0.107,-0.532,-0.928,-166.016,34.973,-5.493
-0.009,-0.527,-0.953,-168.64,35.278,-10.986
-0.109,-0.52,-0.957,-177.307,37.598,-11.841
-0.205,-0.489,-0.911,-191.895,41.931,-8.85
-0.266,-0.424,-0.817,-207.336,50.11,-3.601
-0.278,-0.372,-0.666,-218.262,62.378,2.136
-0.26,-0.33,-0.484,-221.863,73.669,7.996
-0.243,-0.386,-0.364,-214.172,80.933,8.484
-0.248,-0.419,-0.318,-201.355,80.933,3.906
-0.284,-0.456,-0.305,-192.383,73.792,-0.854
-0.294,-0.494,-0.267,-193.787,64.819,-0.183
-0.342,-0.499,-0.249,-203.247,60.486,5.127
-0.337,-0.524,-0.175,-219.299,57.617,15.381
-0.311,-0.525,0.007,-235.657,59.998,27.588
-0.254,-0.496,0.211,-237.671,71.716,36.743
-0.185,-0.532,0.329,-221.985,84.656,39.49
-0.144,-0.56,0.374,-198.242,88.196,34.363
-0.148,-0.591,0.376,-178.04,81.238,27.161
-0.162,-0.644,0.334,-167.419,67.932,24.536
-0.155,-0.682,0.365,-171.631,55.725,27.832
-0.118,-0.698,0.442,-181.885,50.049,33.997
-0.103,-0.726,0.479,-186.157,49.622,36.804
-0.111,-0.743,0.489,-187.5,50.232,36.865
-0.112,-0.766,0.53,-188.782,51.575,37.537
-0.114,-0.749,0.563,-185.303,57.983,39.673
-0.086,-0.808,0.553,-176.514,66.772,43.091
-0.026,-0.816,0.576,-171.265,67.2,44.861
0,-0.83,0.574,-163.879,62.439,40.649
0.012,-0.83,0.52,-155.457,52.002,34.302
0.001,-0.852,0.508,-154.236,36.499,29.053
0.026,-0.81,0.542,-158.691,21.912,26.672
0.019,-0.798,0.526,-157.898,14.343,23.56
0.042,-0.78,0.434,-154.602,7.874,20.02
-0.029,-0.812,0.424,-156.433,-0.061,16.541
-0.012,-0.762,0.481,-164.246,0.488,16.296
0.022,-0.735,0.491,-164.429,9.094,17.517
0.042,-0.708,0.472,-158.203,14.771,15.137
0.027,-0.663,0.472,-155.579,16.418,11.108
-0.016,-0.626,0.489,-155.762,17.883,8.24
-0.025,-0.579,0.529,-161.316,21.545,11.353
0.004,-0.544,0.647,-171.57,21.667,18.86
0.01,-0.513,0.769,-179.382,20.752,21.667
-0.009,-0.523,0.862,-179.871,20.02,19.775
-0.01,-0.53,0.928,-176.758,20.264,17.822
-0.032,-0.544,0.966,-172.119,20.691,14.282
-0.072,-0.562,0.992,-167.603,20.63,10.742
-0.092,-0.576,1.026,-165.283,19.775,9.705
-0.128,-0.557,1.076,-163.574,18.25,9.583
-0.14,-0.554,1.148,-161.804,15.442,11.658
-0.124,-0.545,1.219,-159.668,12.39,15.503
-0.105,-0.519,1.271,-155.762,11.169,17.456
-0.085,-0.509,1.348,-149.902,11.353,18.982
-0.06,-0.57,1.445,-138.367,13.672,20.447
0.014,-0.559,1.458,-120.361,22.949,22.034
0.071,-0.575,1.402,-98.999,27.405,18.677
0.109,-0.592,1.355,-81.787,21.24,12.085
0.131,-0.582,1.325,-69.946,7.996,4.333
0.121,-0.558,1.272,-58.105,-6.165,-3.967
0.108,-0.54,1.206,-47.241,-20.325,-11.169
0.086,-0.52,1.141,-39.063,-33.508,-17.212
0.057,-0.516,1.075,-31.86,-42.908,-22.217
0.018,-0.489,1.007,-26.611,-45.166,-24.841
-0.021,-0.461,0.958,-23.499,-40.588,-24.963
-0.051,-0.454,0.927,-20.935,-29.846,-22.522
-0.06,-0.448,0.905,-18.738,-14.587,-18.127
-0.068,-0.445,0.886,-15.686,-0.427,-15.076
-0.085,-0.442,0.877,-14.038,7.996,-13
-0.094,-0.445,0.881,-14.038,12.207,-11.292
-0.097,-0.448,0.892,-15.32,13.367,-9.155
-0.099,-0.451,0.916,-16.174,12.512,-7.324
-0.102,-0.453,0.939,-16.602,9.583,-6.287
-0.102,-0.454,0.958,-15.747,5.859,-5.554
-0.115,-0.451,0.966,-13.611,1.282,-6.226
-0.132,-0.444,0.967,-11.169,-2.625,-7.019
-0.15,-0.434,0.966,-8.789,-3.113,-6.47
-0.159,-0.427,0.972,-7.263,-1.16,-5.31
-0.159,-0.424,0.981,-5.737,2.014,-4.028
-0.151,-0.429,0.989,-3.662,4.517,-2.991
-0.137,-0.431,0.98,-0.793,5.432,-2.502
-0.123,-0.432,0.957,2.075,5.31,-2.93
-0.11,-0.434,0.933,4.028,3.418,-3.235
-0.096,-0.434,0.914,5.127,0.854,-3.54
-0.092,-0.43,0.892,5.737,-1.465,-3.784
-0.09,-0.434,0.867,6.653,-2.075,-3.784
-0.082,-0.438,0.85,7.385,-1.099,-3.54
-0.074,-0.442,0.839,6.836,0.488,-3.479
-0.069,-0.449,0.832,6.226,0.793,-3.54
-0.07,-0.451,0.826,5.615,-0.488,-3.845
-0.085,-0.45,0.819,4.944,-1.404,-4.333
-0.094,-0.448,0.811,4.517,-0.122,-4.089
-0.094,-0.451,0.813,3.235,2.38,-3.357
-0.088,-0.453,0.821,1.587,3.906,-2.502
-0.085,-0.454,0.833,0.305,3.967,-2.197
-0.088,-0.454,0.844,-0.305,2.686,-2.502
-0.089,-0.455,0.851,-0.122,1.465,-2.869
-0.089,-0.456,0.852,0.244,0.671,-3.296
-0.089,-0.458,0.849,0.793,-0.061,-3.662
-0.094,-0.452,0.852,0.366,-1.404,-4.028
-0.1,-0.448,0.859,-0.122,-3.113,-3.967
-0.106,-0.453,0.855,0.122,-2.38,-3.723
-0.11,-0.449,0.849,0.854,-0.427,-3.357
0.107,-0.189,2.22,157.898,23.926,19.287
0.12,-0.194,2.126,187.073,9.094,12.451
0.112,-0.156,1.984,216.248,-1.892,3.662
0.091,-0.095,1.83,241.882,-5.31,-4.517
0.072,-0.069,1.668,266.296,-2.502,-11.353
0.056,-0.033,1.498,290.833,5.127,-18.311
0.039,-0.004,1.342,314.514,16.296,-26.184
0.029,0.037,1.221,334.839,31.799,-33.691
0.026,0.094,1.112,354.492,53.833,-42.725
0.026,0.143,1.017,374.39,77.698,-53.162
0.047,0.184,0.926,392.517,96.924,-62.256
0.095,0.2,0.813,410.522,106.262,-71.838
0.128,0.26,0.697,428.467,99.67,-84.473
0.143,0.296,0.588,443.298,77.148,-99.365
0.158,0.352,0.491,455.139,42.419,-113.037
0.179,0.427,0.351,464.966,2.808,-124.207
0.194,0.485,0.2,473.694,-46.448,-133.85
0.241,0.539,0.053,479.492,-106.14,-141.296
0.256,0.643,-0.096,485.657,-163.696,-151.55
0.351,1.069,-0.07,493.591,-211.67,-165.894
0.506,1.83,-0.592,487.793,-228.577,-178.772
0.043,0.79,-1.043,526.245,-226.318,-206.787
-0.053,0.801,-1.504,530.64,-233.337,-205.933
-0.253,0.752,-1.798,486.084,-223.206,-184.875
-0.505,0.797,-2.037,449.585,-188.965,-175.598
-0.667,1.012,-2.348,413.391,-154.907,-157.471
-0.697,1.042,-2.679,373.596,-140.381,-129.395
-0.591,1.037,-3.012,318.542,-135.193,-90.393
-0.411,0.897,-3.296,252.502,-120.789,-49.988
-0.153,0.764,-3.41,175.354,-92.346,-8.972
0.137,0.633,-3.344,94.971,-58.289,30.212
0.405,0.451,-3.11,21.362,-28.137,58.289
0.589,0.252,-2.77,-41.931,-6.104,74.707
0.682,0.088,-2.389,-94.36,11.658,81.787
0.691,-0.087,-2.017,-130.615,29.907,81.604
0.649,-0.265,-1.679,-153.931,52.734,80.933
0.576,-0.404,-1.394,-168.091,78.491,81.299
0.518,-0.478,-1.201,-176.941,101.44,80.566
0.437,-0.503,-1.089,-182.19,113.708,77.82
0.347,-0.492,-1.06,-186.035,115.173,71.35
0.264,-0.486,-1.07,-190.857,111.206,56.458
0.165,-0.435,-1.073,-199.951,99.915,42.053
0.055,-0.356,-1.068,-208.801,85.999,31.677
-0.045,-0.303,-1.082,-212.158,76.599,23.254
-0.119,-0.267,-1.112,-212.769,73.914,17.578
-0.172,-0.234,-1.125,-215.881,73.792,14.282
-0.234,-0.213,-1.132,-222.595,73.669,12.573
-0.287,-0.192,-1.128,-234.558,71.167,13.733
-0.323,-0.178,-1.101,-252.136,67.627,18.433
-0.332,-0.161,-1.051,-272.705,68.481,24.963
-0.324,-0.142,-0.984,-293.762,76.66,33.142
-0.301,-0.12,-0.898,-313.354,89.905,42.175
-0.256,-0.082,-0.786,-331.421,106.262,52.734
-0.189,-0.036,-0.627,-346.008,123.047,65.552
-0.101,-0.015,-0.474,-355.164,138.062,79.712
-0.024,-0.026,-0.353,-361.633,148.254,91.431
0.038,-0.028,-0.246,-371.216,148.499,99.548
0.096,-0.018,-0.089,-387.268,140.869,104.919
0.16,0.017,0.174,-403.687,130.432,107.788
0.213,0.026,0.481,-405.457,118.713,103.943
0.225,-0.019,0.705,-385.071,100.342,90.82
0.2,-0.074,0.812,-353.149,77.515,71.411
0.073,-0.094,0.859,-325.012,57.983,50.476
-0.018,-0.049,0.795,-307.007,48.706,37.964
-0.063,-0.086,0.74,-307.068,38.757,43.335
-0.098,-0.04,0.783,-332.031,21.851,58.594
-0.13,0.024,0.965,-364.258,11.414,70.435
-0.143,0.053,1.234,-379.944,14.526,78.43
-0.098,0.026,1.55,-365.723,28.198,83.496
-0.003,-0.036,1.703,-316.833,45.837,81.421
0.052,-0.093,1.621,-252.869,55.847,67.139
0.099,-0.093,1.502,-207.336,48.157,52.063
0.172,-0.095,1.5,-187.439,26.794,46.57
0.179,-0.089,1.499,-177.307,6.409,44.128
0.199,-0.158,1.495,-169.006,-8.423,43.884
0.233,-0.215,1.495,-164.185,-16.541,43.457
0.222,-0.276,1.467,-155.029,-16.785,36.194
0.162,-0.41,1.464,-143.494,-13,27.161
0.097,-0.68,1.639,-140.808,4.333,23.132
0.274,-0.364,1.773,-153.381,53.894,28.381
0.167,-0.478,1.84,-130.066,59.875,23.071
0.057,-0.518,1.879,-99.182,27.954,9.644
0.004,-0.415,1.871,-82.214,-3.54,3.967
-0.017,-0.455,1.731,-57.556,-33.081,-0.549
-0.007,-0.463,1.535,-40.1,-57.19,-0.549
-0.017,-0.492,1.375,-31.067,-73.486,-1.16
-0.032,-0.489,1.256,-27.771,-74.402,0.244
-0.019,-0.457,1.195,-29.114,-54.688,6.042
0.037,-0.434,1.17,-29.907,-24.292,13.55
0.124,-0.429,1.135,-26.428,3.357,18.066
0.186,-0.422,1.096,-20.264,18.127,18.25
0.218,-0.427,1.057,-13.367,20.63,14.709
0.218,-0.437,1.022,-7.629,16.724,9.216
0.196,-0.434,0.988,-3.479,12.085,3.113
0.172,-0.428,0.961,-2.014,7.507,-0.183
0.151,-0.406,0.948,-3.845,1.77,-0.61
0.114,-0.392,0.938,-5.432,-2.747,-1.038
0.085,-0.388,0.92,-5.798,-3.967,-0.916
0.067,-0.392,0.903,-6.47,-0.916,0.793
0.068,-0.391,0.901,-7.507,5.554,2.93
0.077,-0.39,0.907,-7.69,12.085,4.211
0.086,-0.395,0.918,-6.714,16.296,4.089
0.096,-0.399,0.919,-4.822,17.517,2.502
0.1,-0.411,0.911,-1.648,15.93,0.183
0.094,-0.425,0.892,1.16,12.634,-2.991
0.079,-0.429,0.883,1.648,7.446,-5.005
0.057,-0.427,0.887,0.061,1.282,-6.165
0.035,-0.422,0.892,-2.197,-2.93,-6.47
0.008,-0.415,0.898,-3.052,-5.31,-6.47
-0.02,-0.407,0.903,-2.991,-6.836,-7.324
-0.039,-0.405,0.904,-2.136,-7.629,-7.507
-0.046,-0.4,0.913,-2.258,-5.737,-6.531
-0.049,-0.393,0.919,-1.77,-2.441,-5.554
-0.051,-0.381,0.921,-0.916,0.549,-4.639
-0.045,-0.38,0.922,-0.183,1.587,-3.723
-0.034,-0.383,0.924,0.366,1.648,-2.747
-0.023,-0.38,0.919,0.732,1.099,-2.319
-0.017,-0.376,0.92,0.305,0.183,-1.77
-0.007,-0.377,0.919,0.061,-0.549,-1.099